HDFC Index,IDFC,LIC,Nippon,Tata,Sensex
-0.000918971,-0.000905181,-0.000873795,-0.000900657,-0.000890563,-0.000928573
0.000681212,0.000676427,0.000704511,0.000684211,0.000692104,0.000680063
0.003207857,0.003196928,0.003253668,0.003195369,0.003210364,0.003215023
0.001923938,0.001911752,0.001984806,0.001924368,0.001948436,0.001917475
-0.003095124,-0.00309328,-0.003078866,-0.003063592,-0.003085454,-0.003110828
0.002111726,0.002104915,0.002133377,0.002104831,0.002112858,0.002117262
0.002667768,0.002656495,0.00269363,0.002671814,0.002671092,0.002675069
0.000716148,0.000705533,0.000785392,0.00074141,0.000747429,0.00070505
0.001407603,0.001389382,0.001416497,0.001404913,0.001399262,0.001398433
-0.000254134,-0.00025359,-0.000232556,-0.000248078,-0.000240943,-0.0002587
-0.001260814,-0.001253067,-0.001246667,-0.00125335,-0.001248322,-0.001268613
0.000844213,0.000833254,0.00085829,0.00085128,0.000841157,0.000843506
-0.004252869,-0.004252113,-0.004205263,-0.004233826,-0.004221567,-0.004275788
-0.004170638,-0.004156022,-0.004158691,-0.004124781,-0.004155828,-0.004188561
-0.002735048,-0.002728898,-0.002728013,-0.002703703,-0.002718335,-0.002748625
0.001496778,0.001485419,0.001518635,0.001496037,0.001495571,0.001495844
0.001610674,0.001616262,0.001651267,0.001608001,0.001631119,0.001613208
-2.62E-05,-2.45E-05,3.98E-05,-5.93E-06,1.20E-05,-4.04E-05
0.000387723,0.000381057,0.000407973,0.000712611,0.000387794,0.000383064
-0.003318454,-0.003332215,-0.003331483,-0.003315558,-0.003310224,-0.003348847
0.003844368,0.003852378,0.003865083,0.003868636,0.003866787,0.003872149
-0.00096066,-0.000965542,-0.000907981,-0.00094219,-0.000935385,-0.000978499
-9.90E-05,-0.000103996,-8.75E-05,-9.20E-05,-9.21E-05,-0.000103024
-0.004504564,-0.004511364,-0.004509198,-0.00451213,-0.004518135,-0.004545232
-3.68E-05,-2.79E-05,-2.01E-05,-2.94E-05,-1.95E-05,-4.03E-05
0.000900512,0.000899249,0.000932453,0.000905687,0.000904697,0.000902949
-0.001902042,-0.001901034,-0.001849025,-0.001897422,-0.001868343,-0.001923063
-0.003682996,-0.003680601,-0.003689131,-0.003712041,-0.003692838,-0.003714842
-0.001072691,-0.001069274,-0.001046563,-0.001053539,-0.00105094,-0.001080323
0.003209327,0.003162466,0.003192633,0.003182916,0.003181663,0.003184418
-0.00041883,-0.000429466,-0.000404109,-0.000417376,-0.000418752,-0.000429733
-0.001493511,-0.001506746,-0.001461941,-0.001467842,-0.001480622,-0.001509177
0.002927074,0.002920772,0.002940377,0.002926026,0.00292679,0.002932358
0.000920727,0.00090151,0.000924848,0.000917158,0.00091931,0.000910727
-0.00634863,-0.006337901,-0.00635458,-0.006348,-0.00636788,-0.00637941
-0.004014883,-0.004015212,-0.004005402,-0.004022579,-0.003999905,-0.003911178
-0.001122104,-0.001119216,-0.00106631,-0.001106993,-0.001095719,-0.001133238
-0.000692698,-0.000688292,-0.000666619,-0.000687945,-0.000675879,-0.000699127
0.000192261,0.000194555,0.000214078,0.000196852,0.000208691,0.000189596
-0.000329515,-0.000331025,-0.000312444,-0.000322335,-0.000325928,0.000114495
-0.001876202,-0.00187189,-0.001855752,-0.001872219,-0.001866925,-0.001888576
-0.00109732,-0.001097005,-0.001093848,-0.001074724,-0.001064037,-0.000502421
0.001645664,0.001641349,0.001672873,0.001651463,0.001642866,0.001652821
-0.001112239,-0.001107923,-0.001091572,-0.001098837,-0.001089457,-0.001122486
0.000805834,0.000798251,0.000826651,0.000811792,0.000793935,0.000805137
-0.000668871,-0.000660054,-0.00065562,-0.000664306,-0.000657331,-0.000677071
0.002312101,0.002299637,0.002380502,0.00234094,0.002334622,0.002317255
-0.000323991,-0.000329246,-0.000308598,-0.000316465,-0.000314842,-0.000108785
-0.000722507,-0.000722826,-0.000708719,-0.000714762,-0.000714442,-0.000731318
0.001075804,0.00106932,0.001094689,0.001088272,0.001077565,0.001119101
0.000268486,0.00026214,0.000272788,0.000276776,0.000256437,0.000270228
-0.003495566,-0.003583724,-0.003430045,-0.003456998,-0.003495979,-0.003553733
-1.56E-05,-4.82E-05,1.72E-05,-5.66E-06,-8.21E-05,0.00019478
0.000194921,0.00039907,0.000229778,0.000198258,0.000205971,0.000192785
-0.0001981,-4.75E-05,-0.000165631,-0.000192594,-0.000179161,-9.86E-05
0.00211061,0.001972339,0.00213866,0.002114713,0.002120998,0.002122191
0.002490406,0.002320764,0.002569815,0.002539875,0.002509474,0.00251724
0.001727159,0.001791611,0.00175299,0.001740811,0.001733171,0.001742028
-0.000662058,-0.001160582,-0.000630229,-0.000640351,-0.000649016,-0.000326644
-0.000943958,-0.001016595,-0.000934956,-0.00094015,-0.000918647,-0.000901079
-0.004157988,-0.004128911,-0.004114573,-0.004129099,-0.004137744,-0.004193335
0.000166194,0.000160737,0.000180134,0.0001702,0.000187434,0.000164587
-0.000490758,-0.000486584,-0.000474466,-0.000476393,-0.00047186,-0.000497466
-0.001931699,-0.001917966,-0.001921695,-0.001897541,-0.001906205,-0.001717069
0.000123202,0.000120475,0.000149466,0.00012982,0.00013588,0.000120603
-0.00484495,-0.004814595,-0.004803934,-0.004827945,-0.004795377,-0.004888701
-0.000422362,-0.000422098,-0.000399226,-0.000418508,-0.000430009,-0.000430444
-0.000789457,-0.000787146,-0.00077021,-0.000788489,-0.000770141,-0.000789019
-0.003503611,-0.00347931,-0.003495353,-0.003496077,-0.003566774,-0.00316405
-0.000110762,-0.000110477,-9.24E-05,-0.000102157,-7.73E-05,0.000225493
-0.000749648,-0.000750552,-0.00069861,-0.000733722,-0.000720165,-0.000732186
0.004960906,0.004889726,0.00498016,0.00492528,0.004981602,0.004953886
-0.003302022,-0.003279886,-0.003290228,-0.003290641,-0.003297683,-0.003333778
0.000595819,0.000587468,0.000615159,0.000600728,0.000594573,0.000692997
-0.001673699,-0.00166467,-0.001666135,-0.001661736,-0.001677326,-0.001691306
-0.002975249,-0.002963346,-0.002947772,-0.002953816,-0.002951161,-0.002932211
0.00023857,0.000235652,0.000258741,0.000276925,0.000252441,0.000237105
-0.002066174,-0.002053716,-0.002059152,-0.002063096,-0.002068775,-0.002072844
-7.96E-06,-9.56E-06,-7.20E-06,2.73E-06,1.65E-05,-1.13E-05
0.001003061,0.000967769,0.000994802,0.00099476,0.001009767,0.000985758
-0.002736962,-0.002713122,-0.00268957,-0.002721969,-0.002640033,-0.002747612
-0.000795708,-0.00078798,-0.00077981,-0.000790479,-0.000807922,-0.000803734
0.001309991,0.001299789,0.001326297,0.001315542,0.001324882,0.001314262
0.003191143,0.003171511,0.003221135,0.003202176,0.00319321,0.003205954
-0.001167635,-0.001157349,-0.001140068,-0.001163929,-0.001128564,-0.001177568
0.000702417,0.000696039,0.000759231,0.000719899,0.000757939,0.000695688
0.003489572,0.003456045,0.003516069,0.003490449,0.003498426,0.003505836
0.002932019,0.002911228,0.002954893,0.002931681,0.002938626,0.002944898
0.003639098,0.003616396,0.003661481,0.003649191,0.003651454,0.00365533
0.004127315,0.004104752,0.004164896,0.004138436,0.004138573,0.004398568
-0.003227806,-0.003211817,-0.003181141,-0.003170047,-0.003189321,-0.003263533
-0.004379513,-0.004363629,-0.004349665,-0.004269899,-0.004384915,-0.004422126
-0.000329667,-0.000337058,-0.000310234,-0.000322658,-0.000337371,-0.000335732
0.003687183,0.003675333,0.003727165,0.003747552,0.003717094,0.003714426
0.003656126,0.003635197,0.003741527,0.00366985,0.003687067,0.00367769
-0.00045114,-0.000454608,-0.00043835,-0.00043818,-0.000454487,-0.000458243
-0.003781738,-0.003767599,-0.003783568,-0.003755813,-0.003788198,-0.003815966
-0.000522359,-0.000518084,-0.000504208,-0.000520713,-0.000514893,-0.000385724
-0.002093477,-0.002090001,-0.002033029,-0.002054356,-0.002060781,-0.002122016
0.00495792,0.004926264,0.004985375,0.004948568,0.004972047,0.004985906
-0.00352336,-0.003510059,-0.00352671,-0.003523274,-0.003527432,-0.003556096
-0.001138875,-0.001123473,-0.001133226,-0.001135593,-0.001124191,-0.001151642
-0.002186328,-0.002155252,-0.002183041,-0.002165285,-0.00217937,-0.002208109
0.002589432,0.00255676,0.002667611,0.002608567,0.002620268,0.002594801
-0.001455505,-0.001441152,-0.001444759,-0.001459169,-0.001445148,-0.001467439
0.002011715,0.001990828,0.002036683,0.002017399,0.002040649,0.002019592
-8.40E-05,-7.93E-05,-6.85E-05,-8.66E-05,-6.86E-05,-1.06E-05
-0.000331934,-0.000335362,-0.000321043,-0.000334957,-0.000330133,-0.000339756
-0.002731689,-0.00271108,-0.002690065,-0.002723085,-0.00272035,-0.002659486
-0.003713928,-0.003688924,-0.003704663,-0.003724484,-0.003728799,-0.003750207
-0.000367897,-0.000364651,-0.000353081,-0.000359985,-0.000363211,-0.000374595
-0.000738395,-0.000735317,-0.000719772,-0.000732787,-0.000736562,-0.000748492
-0.000406266,-0.000404613,-0.000394861,-0.000416616,-0.000384926,-0.000413059
-0.00203497,-0.002030553,-0.002009231,-0.002052566,-0.002022288,-0.002029286
0.000283858,0.000276311,0.000332547,0.000291851,0.000294606,0.000286599
2.45E-05,2.35E-05,2.95E-05,3.27E-05,2.64E-05,2.49E-05
0.000341597,0.000348575,0.000370301,0.000379455,0.000352602,0.00040861
0.006000216,0.005939519,0.006058048,0.006053107,0.006004978,0.006047157
0.004014019,0.003966088,0.004105589,0.004065084,0.004030425,0.004043162
0.000395142,0.000385043,0.000391212,0.000377551,0.00040398,0.000369134
0.006036801,0.005963721,0.006076332,0.006083054,0.006021203,0.006088983
-0.001688508,-0.001602332,-0.001683941,-0.001690608,-0.001620781,-0.001706375
-1.39E-05,-1.78E-06,8.95E-06,-8.48E-06,2.39E-05,-1.72E-05
-0.002914086,-0.002920488,-0.002902623,-0.002876086,-0.002926846,-0.00295604
-0.002381652,-0.002375178,-0.002363342,-0.002374363,-0.002378215,-0.002397082
0.001091498,0.001082751,0.001113558,0.001101568,0.001100054,0.001093979
-0.003023461,-0.003016634,-0.003012333,-0.003021225,-0.00302141,-0.003043747
-0.000433121,-0.000434985,-0.000384333,-0.000425132,-0.000434955,-0.000445748
-0.001046856,-0.001044182,-0.001032492,-0.001031921,-0.001040555,-0.001055852
0.001228269,0.001218906,0.00124662,0.001231932,0.001201723,0.001231804
-0.004694134,-0.004675705,-0.004680072,-0.004709044,-0.004682982,-0.004724924
-0.003344637,-0.003336376,-0.003330918,-0.003356771,-0.003417318,-0.003366972
-0.00265835,-0.002650295,-0.002598936,-0.002643005,-0.002675424,-0.002682547
0.000327018,0.000327735,0.00036091,0.000338993,0.000329908,0.000325907
0.000331674,0.000321785,0.000349022,0.000339258,0.000320863,0.00033055
0.001079617,0.001032611,0.001133566,0.001076521,0,0.00259865
-0.001335159,-0.00132804,-0.001324954,-0.001331668,0.001021013,-0.001562739
-0.005790161,-0.005763643,-0.005773479,-0.0057765,-0.001314008,-0.001342221
-0.001365789,-0.001351162,-0.001347923,-0.001360801,-0.005788573,-0.005757527
-0.000127048,-0.000122106,-0.000101507,-0.000125439,-0.001319604,-0.001373033
-0.001411313,-0.001402019,-0.001358897,-0.001382761,-0.000139748,-0.000132179
0.000321726,0.000320506,0.000331767,0.000329971,-0.001408935,-0.001424561
-0.005077243,-0.005054051,-0.00508632,-0.005081321,0.000704969,0.000692867
0.000350955,0.000346316,0.000370581,0.00036061,-0.005122009,-0.005032962
-0.001552754,-0.00154816,-0.001545585,-0.001545618,0.000307119,0.000349771
-0.00059584,-0.000595478,-0.00053059,-0.000553297,-0.001540303,-0.001450775
0.004658636,0.004606738,0.004678432,0.004652795,-0.000610793,-0.000587891
0.001966771,0.001943766,0.001989743,0.001991169,0.004620169,0.004665565
-0.000401629,-0.000401222,-0.000382946,-0.00040694,0.002034202,0.001982027
-0.000834087,-0.000835989,-0.000825873,-0.000818046,-0.000429243,-0.000419726
0.003687331,0.003652355,0.003751133,0.003696078,-0.000779697,-0.000830285
0.001208855,0.001201685,0.001229957,0.001214001,0.003681175,0.003678702
0.002375426,0.002352217,0.002414079,0.002403148,0.001217623,0.001207131
-0.004533908,-0.004497876,-0.004514299,-0.004534107,0.002377569,0.002398523
-0.003070059,-0.003044232,-0.003053284,-0.003060299,-0.004499582,-0.004567742
-0.000190863,-0.000189703,-0.000159737,-0.000198838,-0.003040291,-0.0030846
-0.001512212,-0.001493744,-0.001511092,-0.00153197,-0.000155998,-0.000222673
-0.001085913,-0.001075153,-0.001049283,-0.000960344,-0.001519111,-0.001539305
-0.000353263,-0.000354939,-0.000314639,-0.000334566,-0.001091923,-0.001077965
-0.001171699,-0.001161241,-0.001152193,-0.001251676,-0.000328528,-0.000343169
-0.000528518,-0.000528155,-0.000522274,-0.000540575,-0.001161387,-0.001177104
0.001338553,0.001332447,0.001378831,0.001394795,-0.00055628,-0.000582464
0.000205323,0.000199262,0.000228144,0.000255278,0.00139575,0.001365252
0.005882893,0.005834267,0.005900149,0.005886502,0.00021158,0.000204545
0.004145093,0.004124984,0.004171842,0.004120861,0.005907327,0.005899933
-0.000476765,-0.000493207,-0.000422051,-0.000476553,0.004127335,0.004165244
0.000880103,0.000852588,0.000905102,0.000870036,-0.00047415,-0.000486232
0.002706331,0.002691845,0.002738156,0.002748126,0.00087438,0.000889855
-0.004619686,-0.004570988,-0.004623139,-0.004620714,0.002700443,0.002726119
-0.003920587,-0.003910195,-0.003910228,-0.003870162,-0.00458487,-0.004664976
-0.002655716,-0.002653547,-0.00260744,-0.002708306,-0.00389571,-0.003950562
0.002950625,0.002918026,0.002955768,0.002963827,-0.002626534,-0.002675721
0.002284123,0.002271738,0.002310246,0.002295769,0.002920427,0.002967218
-0.002515003,-0.002493482,-0.002515054,-0.002514036,0.002257475,0.002292662
-0.002734839,-0.002777497,-0.002794307,-0.003017843,-0.002484884,-0.002537135
-0.001769199,-0.001795172,-0.002056163,-0.001751211,-0.002755361,-0.002815939
-0.003003198,-0.003008805,-0.003073706,-0.002974542,-0.001868272,-0.001796508
0.000766009,0.000742115,0.000786289,0.000769223,-0.00308199,-0.003027523
0.000279258,0.00026177,0.000134302,0.000280294,0.000751299,0.000762555
-0.002348724,-0.002363547,-0.002324345,-0.002312898,0.000270258,0.000271379
-0.000884424,-0.000895962,-0.000815334,-0.000838482,-0.002345948,-0.002361096
0.001262242,0.001274056,0.001285965,0.001263549,-0.00088296,-0.000898745
0.0008191,0.000828579,0.000837095,0.000825243,0.001265976,0.001263451
-0.002655464,-0.002660304,-0.002635558,-0.002634757,0.000802328,0.000817573
0.003111953,0.003101531,0.003180917,0.003105534,-0.002669556,-0.002670824
9.52E-06,4.06E-06,2.90E-05,1.05E-05,3.16E-03,0.003123728
0.000248949,0.000232661,0.000270532,0.000243441,4.74E-06,6.29E-06
-0.002249415,-0.002239263,-0.002238745,-0.002222542,0.000256823,0.000242568
-0.002338485,-0.002323825,-0.002329321,-0.002312294,-0.00224823,-0.002259312
-0.002418418,-0.002501473,-0.002445628,-0.002472705,-0.002348887,-0.002348722
-0.001134273,-0.001146079,-0.001122242,-0.001121889,-0.002501831,-0.002522348
0.000118834,0.000110831,0.000150144,0.000136222,-0.001136072,-0.001141353
-0.000866481,-0.000884115,-0.000866182,-0.000855176,0.000112335,0.000127622
-0.001107461,-0.001105164,-0.001095186,-0.001101796,-0.000866863,-0.00088728
-0.003114451,-0.003111448,-0.003074343,-0.003100732,-0.001116713,-0.001117543
0.000942453,0.000878404,0.000929915,0.000946231,-0.003084384,-0.003141329
-0.003851834,-0.00379602,-0.003830553,-0.003802909,0.000841077,0.000904092
-0.002192332,-0.002189548,-0.002171632,-0.002185501,-0.003789364,-0.00386431
-0.003090481,-0.003058283,-0.003046416,-0.003068277,-0.002183616,-0.002203764
-0.003505059,-0.003474291,-0.003436124,-0.003509595,-0.003067458,-0.003084116
-0.004127715,-0.004081712,-0.004090632,-0.00411904,-0.003492008,-0.003488889
-0.000256068,-0.000270058,-0.000236421,-0.000249872,-0.004058741,-0.004129023
0.001335732,0.001335413,0.001369137,0.001341684,-0.000263945,-0.00026021
-0.002769823,-0.002776129,-0.002690718,-0.002723181,0.001350521,0.001337549
0.002977304,0.002928536,0.002971435,0.002924668,-0.00273668,-0.002795611
0.000837393,0.000832808,0.00085887,0.000833973,0.002946006,0.002996961
0.000713394,0.000723276,0.000739206,0.000717168,0.001152852,0.000828914
0.010292565,0.010292626,0.010298782,0.010121278,0.000737128,0.000705297
0.003875851,0.003843673,0.003909712,0.003793454,0.010068535,0.010279492
0.007109466,0.007050075,0.007063147,0.007091958,0.003847229,0.003851234
0.001257094,0.001339214,0.001347061,0.00133267,0.007053608,0.007069737
-0.004469476,-0.004254386,-0.004218656,-0.004135012,0.001353914,0.001440427
0.005126906,0.005147475,0.005133716,0.005016196,-0.004245615,-0.004190434
-0.003741842,-0.003770308,-0.003722486,-0.003532122,0.005205996,0.005172068
0.001840073,0.00184342,0.001873714,0.001849292,-0.003684286,-0.003747586
-0.001854796,-0.001857687,-0.001834106,-0.001849292,0.001836147,0.001833702
0.003631083,0.003672616,0.0036877,0.003659639,-0.001885032,-0.001795716
0.002989078,0.003001004,0.003144473,0.003053339,0.003613598,0.003645748
0.000919431,0.000920393,0.00092715,0.000918365,0.002976565,0.003025351
-0.001804305,-0.001821212,-0.001765781,-0.001777244,0.000926009,0.000914823
0.000327299,0.000325785,0.000350503,0.000324499,-0.00183793,-0.001816559
-0.004100943,-0.004080254,-0.004081092,-0.004134866,0.000335748,0.000325539
-0.00381473,-0.003826734,-0.003758711,-0.003795221,-0.004087694,-0.004123683
0.001250608,0.00124688,0.001265674,0.001269126,-0.003802146,-0.003844779
0.002048839,0.002056779,0.002058019,0.002064769,0.001243954,0.001254548
0.00173579,0.001736878,0.001759909,0.001749411,0.002057555,0.002057709
0.003833596,0.003827596,0.003915013,0.00366696,0.00176707,0.001745303
0.005524353,0.005531822,0.005557182,0.005128992,0.003851735,0.003845745
0.00369566,0.003704984,0.003727654,0.00353088,0.005590184,0.005563844
-0.004139349,-0.004140701,-0.004135651,-0.004032198,0.003721808,0.003719295
0.000578608,0.00057358,0.000589609,0.000594219,-0.004162203,-0.004167082
-0.007832147,-0.007842407,-0.007801688,-0.007855106,0.000557124,0.00057894
0.000699547,0.000701568,0.000721176,0.000694016,-0.007876401,-0.007892125
0.00027127,0.0002744,0.000293103,0.000274259,0.000709492,0.000783816
0.00192363,0.001923376,0.001963273,0.001927303,0.000291923,0.000269972
0.006296206,0.006296433,0.006371615,0.006320804,0.001942007,0.001932165
0.003328811,0.003331646,0.003421282,0.003322679,0.006286751,0.006619491
-0.000953631,-0.000960916,-0.000947575,-0.000935486,0.003187035,0.003323037
-0.001809061,-0.00181272,-0.001804766,-0.001814289,-0.000974605,-0.000970313
0.001617837,0.001616764,0.001641355,0.001637604,-0.001791601,-0.001831143
0.005422777,0.005357334,0.005422426,0.005516361,0.001631808,0.001705993
-0.006163501,-0.006111094,-0.006129359,-0.006134193,0.005370029,0.005424944
-0.001305463,-0.001410027,-0.001389923,-0.001294327,-0.006018853,-0.006215543
0.002705486,0.00270587,0.002726682,0.00244243,-0.001388771,-0.0014159
-0.0037371,-0.003713903,-0.003644013,-0.003724941,0.002685228,0.002701387
-0.001491991,-0.001491546,-0.001462726,-0.001477369,-0.003664541,-0.003760094
0.004576084,0.004565032,0.004610479,0.004564993,-0.001470984,-0.001502752
-0.007389987,-0.007471311,-0.007481426,-0.007478439,0.00454079,0.004599569
-0.000386647,-0.000385137,-0.00036722,-0.000378578,-0.007428099,-0.007533077
-0.00207517,-0.002061012,-0.002006539,-0.002039683,-0.000378721,-0.000389822
-0.001171796,-0.001167412,-0.0011564,-0.001164973,-0.002015343,-0.00208169
-0.000765932,-0.000760147,-0.000746865,-0.000758425,-0.001151575,-0.00117718
-0.002052936,-0.002037686,-0.002027836,-0.002039341,-0.000768826,-0.000770862
-0.001153566,-0.001155561,-0.00114668,-0.001151821,-0.002074077,-0.002051302
-0.001408266,-0.001410691,-0.001359302,-0.001388472,-0.001169729,-0.00116399
-0.001124917,-0.001129803,-0.001110055,-0.001114272,-0.001346504,-0.001430107
0.000799837,0.000796152,0.000812441,0.000812905,-0.001094534,-0.001133204
-0.001194244,-0.001197232,-0.00118092,-0.00119311,0.000782716,0.000801016
0.00015027,0.000156174,0.000163048,0.000154097,-1.19E-03,-0.001207782
-0.000433986,-0.000432613,-0.000369669,-0.000405672,7.72E-05,0.000147745
-0.002069511,-0.002073838,-0.002039786,-0.00206867,-0.000416417,-0.00044384
0.001446818,0.001438907,0.001466808,0.001450622,-0.002029743,-0.002085978
-0.002651182,-0.002646684,-0.002607327,-0.002631585,0.001445155,0.00144983
-0.003170394,-0.003177625,-0.003139044,-0.003144583,-0.002656408,-0.002664573
-0.00234165,-0.002333852,-0.002274486,-0.00229768,-0.003154248,-0.003192252
-0.000190605,-0.000199128,-0.000154372,-0.000176049,-0.00232753,-0.002361407
0.000904919,0.000898627,0.000915675,0.000911194,-0.000213051,-0.000198325
0.002326656,0.002310711,0.002328972,0.002314248,0.000923469,0.000905672
-0.00361183,-0.003598057,-0.003531193,-0.003539638,0.002313468,0.002329193
-9.56E-05,-0.000102487,-8.21E-05,-8.54E-05,-3.57E-03,-0.003626309
-0.0012647,-0.001258941,-0.001235291,-0.001244247,-8.92E-05,-0.000100889
0.000898767,0.000889775,0.00091363,0.000905238,-0.001269332,-0.001268731
-0.003500227,-0.003526838,-0.003512706,-0.003512586,0.000914314,0.000899539
-0.000240714,-0.000250505,-0.000203763,-0.000216574,-0.003550372,-0.003552811
0.000159904,0.0001591,0.000137596,0.000166777,-0.000237436,-0.000255595
0.00190442,0.001900173,0.001914985,0.001911304,0.000164635,0.000156003
0.002933657,0.00292539,0.002302103,0.00293317,0.001879652,0.001911021
0.003723896,0.003701443,0.003424682,0.003696447,0.002886589,0.002940089
0.002901739,0.002882388,0.002909926,0.002888972,0.003664859,0.00373286
-0.000433198,-0.000424565,-0.000420092,-0.000416442,0.002860532,0.002903084
0.003839018,0.003824243,0.003883677,0.003813956,-0.000425393,-0.000440267
-0.003980036,-0.003977267,-0.003975095,-0.003972253,0.003822846,0.003856398
-0.003790131,-0.003789286,-0.00378066,-0.003779382,-0.003971583,-0.004005143
-0.002951874,-0.002949573,-0.002907407,-0.00293566,-0.003779015,-0.003267273
0.002678226,0.002661671,0.002693338,0.002664972,-0.002925337,-0.002981752
0.000539673,0.000532407,0.00056392,0.000536482,0.002666785,0.002678814
-0.005632069,-0.005619009,-0.005627079,-0.005600274,0.000556563,0.000536283
0.00116824,0.001176014,0.001190608,0.001166423,-0.005608877,-0.005148505
0.002596875,0.002585048,0.002657243,0.00261705,0.001167631,0.001171094
0.001347943,0.001340623,0.001350179,0.001353667,0.002568304,0.002663309
-0.003395398,-0.003386237,-0.003212088,-0.00336123,0.001334733,0.001350185
-0.00347383,-0.003467364,-0.003235454,-0.003459935,-0.003343845,-0.003416638
0.000251104,0.000243061,0.00025729,0.000246582,-0.003417193,-0.003494443
-0.000472546,-0.000474403,-0.000429833,-0.000450716,0.000222425,0.000237767
-0.002536009,-0.002528751,-0.002517534,-0.002523814,-0.000458783,-0.000487399
-0.00055805,-0.000561109,-0.000544423,-0.000553919,-0.002472781,-0.002551128
0.001177808,0.001171948,0.001198763,0.001180401,-0.000567306,-0.000567129
-0.000240029,-0.000265255,-0.00028619,-0.000208102,0.001169322,0.001696539
0.000905792,0.0007728,0.000791265,0.000927318,-0.000293125,-0.000272204
0.003191316,0.003179882,0.003221373,0.003193777,0.00078094,0.000901658
-0.003169241,-0.003168338,-0.003151525,-0.00315158,0.003072399,0.00320681
0.001296783,0.0012876,0.001306116,0.001302703,-0.003164906,-0.003195448
-0.003119709,-0.0031147,-0.003097523,-0.003093743,0.001267308,0.001406538
0.00266986,0.002655876,0.002720266,0.002695557,-0.003074984,-0.003141233
-0.000235456,-0.000230796,-0.00021854,-0.000226306,0.002659485,0.002676207
0.003091516,0.003085992,0.003112822,0.003096422,-0.000194331,-0.000241015
0.002210417,0.002198123,0.002226874,0.002211662,0.003043634,0.003352775
-0.004726767,-0.004716422,-0.004721426,-0.004678613,0.002173258,0.002218868
0.001958262,0.001945732,0.002013487,0.001978941,-0.00478604,-0.004756378
-0.001394182,-0.001383936,-0.001382419,-0.001383462,0.001941119,0.001954602
-0.003247506,-0.003229674,-0.003236232,-0.003199493,-0.001380874,-0.001404021
0.000669235,0.000669486,0.00068849,0.00067123,-0.003191282,-0.00326285
-0.001007959,-0.001001806,-0.00098735,-0.001000274,0.000673606,0.000864077
-0.003334104,-0.003331159,-0.003289603,-0.003320977,-0.000990353,-0.00101586
-0.003652367,-0.003639199,-0.003651472,-0.003648805,-0.003278372,-0.00335899
-0.000383087,-0.000387422,-0.000365595,-0.000379492,-0.003643516,-0.00366937
-0.003438593,-0.003435472,-0.003433547,-0.003460899,-0.000405511,-0.000315184
8.44E-05,8.36E-05,9.67E-05,9.17E-05,-3.41E-03,-0.003369669
0.002597007,0.002580016,0.002655532,0.002594241,5.68E-05,8.06E-05
-0.002370746,-0.002365453,-0.002361986,-0.002345653,0.002538697,0.002596999
0.001699849,0.001687002,0.001709452,0.001700485,-0.00236233,-0.002339376
-6.49E-05,-6.93E-05,-4.57E-05,-5.57E-05,1.69E-03,0.001745917
-0.001717811,-0.001724249,-0.001712478,-0.00168337,-7.71E-05,0.000265266
-0.002616756,-0.002612115,-0.002568232,-0.002568081,-0.00173492,-0.00173056
-0.001250202,-0.001246274,-0.001234596,-0.001226923,-0.002547919,-0.002636443
-0.00038525,-0.00038867,-0.00037287,-0.00037314,-0.001249594,-0.001257821
-0.001495782,-0.00150543,-0.001487023,-0.001477449,-0.000382214,-0.000390541
-0.00409132,-0.004080866,-0.004081745,-0.004090962,-0.001436308,-0.00148692
-0.00180824,-0.001807638,-0.001758514,-0.001792588,-0.003988496,-0.004116279
-0.001289869,-0.001277845,-0.001274858,-0.001272222,-0.001657158,-0.001828733
0.00098286,0.000971219,0.001037682,0.000966737,-0.001301744,-0.001297432
0.004105402,0.004080464,0.004107664,0.004071153,0.000980909,0.000982259
-0.004539939,-0.004513079,-0.004486877,-0.004467963,0.004115913,0.004145574
-0.001555359,-0.001545572,-0.001499259,-0.001497096,-0.004293264,-0.004545174
0.000304167,0.000303646,0.000316349,0.000313518,-0.001525538,-0.001566734
-0.002542322,-0.002537432,-0.002524362,-0.002497173,0.000334668,0.000300719
-0.001542892,-0.001557448,-0.00153828,-0.001519269,-0.002517345,-0.002549441
0.001775905,0.001766251,0.00178684,0.001775327,-0.001571452,-0.00156539
0.002583071,0.002564718,0.002624736,0.002589994,0.001736977,0.001775553
-0.002720528,-0.002709787,-0.002705132,-0.002694763,0.00253529,0.002580327
0.002169386,0.002157602,0.002202034,0.00217038,-0.002693783,-0.002382684
-0.00325152,-0.003245989,-0.00322979,-0.003219005,0.002138894,0.002167464
-0.003747667,-0.003732614,-0.003696794,-0.003681464,-0.003207911,-0.003266151
-7.55E-05,-7.65E-05,-5.99E-05,-6.45E-05,-3.70E-03,-0.003770229
-0.000568262,-0.000568403,-0.000540927,-0.000547617,-8.76E-05,-7.94E-05
0.00085518,0.000845084,0.000867031,0.000849331,-0.000563851,-0.000578247
-0.004964724,-0.004949522,-0.0049084,-0.00485258,0.000827727,0.00096353
-0.002255872,-0.002242309,-0.002243644,-0.002206674,-0.004853879,-0.004992986
0.001943108,0.001929242,0.00195507,0.001926526,-0.002226508,-0.002267114
0.000371273,0.000359115,0.000378755,0.000373571,0.001907343,0.001943765
0.000509873,0.000501121,0.00052148,0.000513045,0.000363665,0.000368359
0.00376334,0.003725998,0.003798199,0.003751043,0.000522413,0.000505754
0.001757164,0.001740834,0.001764895,0.001759479,0.003710727,0.00375338
0.001592352,0.001584252,0.002312359,0.001882657,0.001699854,0.001756025
-0.002631471,-0.002623997,-0.002614879,-0.002570694,0.001572079,0.001591886
-0.001660179,-0.001651104,-0.001645743,-0.001630307,-0.002609401,-0.002556988
0.005250028,0.005214076,0.005267698,0.005262867,-0.001651897,-0.00166628
0.005844808,0.005822832,0.005841773,0.005805777,0.005412978,0.005322895
-0.003511385,-0.003495333,-0.00348426,-0.003468447,0.005766719,0.005869138
-0.004251554,-0.004230268,-0.004203679,-0.004036924,-0.003390631,-0.003524153
0.005770966,0.005735657,0.005244155,0.005743029,-0.00412018,-0.004270074
0.003411851,0.00339099,0.003397766,0.003366184,0.005600826,0.005797822
0.001930853,0.001913782,0.001933838,0.001918675,0.003352288,0.003420261
0.003307209,0.003257779,0.003256099,0.00325666,0.001904743,0.001977945
0.006362231,0.006429274,0.006486311,0.006266685,0.003205451,0.003283758
-0.004113643,-0.004148099,-0.004030673,-0.003959163,0.006268754,0.006371803
0.001306886,0.001267919,0.001319307,0.001239251,-0.004045817,-0.004131708
0.002633485,0.002638447,0.002606818,0.002591162,0.001252356,0.001302867
0.001167223,0.001080807,0.00113782,0.001174739,0.002563443,0.002599823
-0.003551441,-0.003508604,-0.003503399,-0.003502648,0.001009369,0.00116165
0.006592424,0.006485949,0.006618701,0.006498839,-0.003480584,-0.00356973
0.009843795,0.009696515,0.009846068,0.00971358,0.006466666,0.006595371
0.00989187,0.009879084,0.009889641,0.009733164,0.00969471,0.009846412
-0.001209003,-0.001233294,-0.001174044,-0.001198591,0.009707347,0.009894148
0.002209304,0.002213522,0.002228892,0.002176816,-0.00113003,-0.001228617
-0.005797566,-0.005843925,-0.005767179,-0.005610798,0.00218914,0.002209055
0.00957937,0.009505071,0.009587368,0.009338427,-0.005665709,-0.005803478
-0.009230021,-0.009252046,-0.009194595,-0.008848428,0.009401663,0.009597281
-0.001622581,-0.001603223,-0.001592509,-0.001599968,-0.009057909,-0.009255942
-0.003673333,-0.003676567,-0.003654168,-0.003631859,-0.001619485,-0.001641367
0.004745466,0.004711607,0.004751383,0.004713918,-0.003596705,-0.003688583
0.005827987,0.005813369,0.005846459,0.005780104,0.004631868,0.004755165
0.002305782,0.002297997,0.002355027,0.002286709,0.005349832,0.005832357
0.003610491,0.003562322,0.003617641,0.003571363,0.002324968,0.002299958
-0.002378763,-0.002302497,-0.002357442,-0.00233924,0.003664435,0.003668886
0.003975619,0.003930585,0.003972378,0.003952846,-0.002238482,-0.002389352
0.00440997,0.004358136,0.004391829,0.004364198,0.003927441,0.004410313
-0.009222858,-0.009329474,-0.009289581,-0.00907071,0.004333818,0.004415318
0.00224869,0.002247952,0.002265978,0.002231121,-0.009257582,-0.009252137
-0.006974571,-0.007003925,-0.006998911,-0.006879494,0.002234904,0.00225294
0.000130618,0.000130779,0.000152422,0.000135708,-0.006997195,-0.007002944
-0.007231473,-0.007187663,-0.007193646,-0.007132192,0.000122737,0.000127122
0.000722901,0.000712172,0.000750369,0.000736234,-0.007116618,-0.007250707
-0.000894595,-0.000896251,-0.000870174,-0.000915061,0.000710486,0.000753966
-0.002046118,-0.002034099,-0.001985681,-0.002012388,-0.000880728,-0.000509037
0.004288399,0.004254303,0.004314066,0.004249242,-0.002005047,-0.003039659
-0.004097665,-0.004082078,-0.004078849,-0.004046165,0.004281809,0.000976352
3.44E-05,3.79E-05,4.00E-05,4.01E-05,-4.06E-03,0.00428963
-0.00145567,-0.001445253,-0.001450715,-0.001432176,2.77E-05,-0.00411592
-0.002400965,-0.00239768,-0.002383136,-0.002383144,-0.001439818,3.09E-05
-0.003852213,-0.003840324,-0.003799648,-0.003754984,-0.00238997,-0.001462608
0.003659965,0.003634531,0.003664221,0.003628216,-0.003835851,-0.002414988
0.003374024,0.003354506,0.003385082,0.003360636,0.003639937,-0.003874239
0.002702942,0.002689861,0.002717813,0.002680645,0.003345123,0.00366178
-0.00457398,-0.004558167,-0.004526031,-0.004465245,0.0026878,0.003376209
-0.001939658,-0.00193743,-0.001931415,-0.001908935,-0.004561162,0.002707727
-0.00247635,-0.002468311,-0.002480349,-0.002454074,-0.00192606,-0.004607072
-0.005468946,-0.005436047,-0.005450313,-0.005408689,-0.002466424,-0.001949533
-0.000283383,-0.000278167,-0.00026626,-0.000273061,-0.005405391,-0.002485292
-0.000548994,-0.000547481,-0.00049904,-0.000509094,-0.000214588,-0.005479066
0.001283564,0.001272732,0.001293119,0.001272634,-0.000547964,-0.00028675
0.003013058,0.002994945,0.00300925,0.002993896,0.001269871,-0.000559991
0.006977167,0.006927192,0.006969177,0.006901359,0.002977552,0.001280407
-0.004405251,-0.004384642,-0.004386733,-0.00434195,0.006929551,0.003013956
0.008763583,0.008722176,0.008768599,0.008715132,-0.004362502,0.006981895
-0.002345411,-0.002342547,-0.00231955,-0.002287481,0.00868378,-0.004418763
-0.007676578,-0.007637097,-0.007596368,-0.007504539,-0.002308925,0.008774732
-0.001815705,-0.00180512,-0.001796268,-0.001777436,-0.007520607,-0.002357507
-0.000398059,-0.000400278,-0.000362147,-0.000378181,-0.001787839,-0.007703595
-0.003676771,-0.003665166,-0.003600426,-0.003659158,-0.000375089,-0.001823818
-0.000916107,-0.000913115,-0.000873675,-0.000902098,-0.003642432,-0.000402202
-0.001631047,-0.001621229,-0.001578105,-0.001605034,-0.000889543,-0.003693326
0.000629859,0.000625264,0.000628235,0.000627245,-0.001606303,-0.000921133
0.008612239,0.008188615,0.007861716,0.008131517,0.000632578,-0.001636848
0.003319677,0.00310163,0.003147972,0.003301693,0.008112409,0.000627296
-0.002188898,-0.002182418,-0.002148519,-0.002144497,0.003229424,0.008299378
-0.001901677,-0.001872404,-0.001849344,-0.001860391,-0.002157435,0.003316676
-0.003361727,-0.003363903,-0.003303127,-0.003332667,-0.001883018,-0.002195778
0.000111358,9.96E-05,0.000168298,0.000127237,-0.003318299,-0.001912529
-0.002231103,-0.002223066,-0.002175691,-0.002206677,0.00011769,-0.003255713
0.004368369,0.004340386,0.004334249,0.004350836,-0.0022214,0.000101011
0.004595606,0.004566493,0.00462477,0.004576261,0.004338389,-0.002236724
-0.002205817,-0.002196474,-0.002175698,-0.002181654,0.004609735,0.004370907
-0.001869598,-0.001869612,-0.001827468,-0.001794113,-0.002195528,0.004595807
-0.001574423,-0.001569557,-0.00156049,-0.001551216,-0.001872241,-0.002212559
-0.002785441,-0.00277323,-0.002783174,-0.002739775,-0.001557992,-0.001882495
0.001281525,0.001270908,0.001325045,0.001282118,-0.00277455,-0.001581286
0.001172782,0.001155479,0.001174057,0.001173091,0.001297583,-0.002791041
0.001898699,0.001878643,0.001944651,0.001907207,0.001160437,0.001278033
-0.005583644,-0.005554468,-0.005569746,-0.005531335,0.0018913,0.0011642
-3.20E-05,-3.61E-05,-1.87E-05,-2.68E-05,-5.55E-03,0.001888907
-0.000674939,-0.000672732,-0.000671202,-0.000665809,-3.22E-05,-0.005593586
-0.000142862,-0.00014697,-0.000150233,-0.000140807,-0.000690748,-3.54E-05
-0.002284265,-0.002273557,-0.002251768,-0.002232234,-0.000160968,-0.000630753
0.001600341,0.001588004,0.001623031,0.001599168,-0.002261335,-0.000149578
0.004017243,0.004000595,0.004045976,0.004007972,0.001584076,-0.002289758
-0.001036024,-0.001033623,-0.001010496,-0.001018889,0.00398639,0.001597689
0.002043541,0.002022359,0.002046794,0.002003395,-0.001032049,0.004024578
0.004472636,0.004440256,0.00449639,0.00447297,0.002007137,-0.001040694
0.000787331,0.000780476,0.000806247,0.000800868,0.004412215,0.002039282
2.11E-05,1.20E-05,2.97E-05,3.23E-05,7.74E-04,0.004469352
-0.008037287,-0.007947571,-0.008033338,-0.007946005,5.32E-05,0.000782653
-0.002537262,-0.002480698,-0.002518337,-0.002507669,-0.007995197,1.53E-05
-0.00133569,-0.001322435,-0.001302478,-0.001296742,-0.002496387,-0.008044912
-0.000408328,-0.000401627,-0.000385432,-0.000395992,-0.001338363,-0.002540822
-0.004353182,-0.004283834,-0.004281438,-0.004327467,-0.000401237,-0.001347255
5.21E-05,5.46E-05,0.000108555,6.45E-05,-4.30E-03,-0.000404276
0.005014236,0.004932138,0.004861898,0.004990012,6.79E-05,-0.004230378
0.001729872,0.00169562,0.001707998,0.001727128,0.004982467,4.86E-05
0.002891587,0.002842041,0.002880493,0.002851548,0.001702275,0.005016701
0.00143879,0.00141025,0.001418147,0.001424247,0.002861331,0.001803472
0.001907244,0.001875427,0.002003813,0.001898904,0.001412983,0.002890293
0.000819549,0.000796951,0.000833345,0.000818127,0.001907751,0.001437989
0.003783938,0.003719572,0.003851604,0.003772911,0.000811573,0.001907121
0.001788845,0.001756582,0.001791293,0.001782631,0.003740444,0.000815092
-0.004922187,-0.004845248,-0.0048841,-0.004881649,0.001793836,0.003782319
-0.001712723,-0.00169212,-0.001697423,-0.00169385,-0.00485178,0.001787786
0.000329315,0.000326215,0.000340787,0.000342182,-0.001693158,-0.004930604
-0.004107827,-0.004047293,-0.004034943,-0.004054343,0.000355854,-0.001722401
0.002883884,0.002837158,0.002876314,0.002886127,-0.004034769,0.000325192
0.000827536,0.000815636,0.000862306,0.000843259,0.002844147,-0.004119767
0.000286243,0.000274386,0.000307447,0.000295405,0.000829841,0.002883833
-0.002360581,-0.002327365,-0.002342873,-0.002340488,0.00033317,0.000825097
-0.004508414,-0.004449631,-0.004463965,-0.004442295,-0.002346944,0.000459752
-0.00228809,-0.002263062,-0.002277699,-0.002246433,-0.004458189,-0.002371226
-0.00104641,-0.001040917,-0.001046492,-0.001033464,-0.002275789,-0.004537033
0.000641213,0.000629085,0.000666647,0.000765828,-0.001060954,-0.002300597
-0.00449089,-0.004423965,-0.004451937,-0.0044508,0.000654592,-0.001057535
-0.005586833,-0.005514215,-0.005662762,-0.005547226,-0.004413553,0.000638926
-0.002527348,-0.00249561,-0.002506129,-0.0024944,-0.005544191,-0.004508424
-0.000173373,-0.000178786,-0.000159185,-0.000170936,-0.00252155,-0.005607787
-0.003148214,-0.003102671,-0.003104842,-0.003107232,-0.000151372,-0.002497863
-0.000795623,-0.000796407,-0.000751804,-0.00083599,-0.003124354,-3.13E-05
-0.003036498,-0.002998303,-0.003027927,-0.003033173,-0.000804986,-0.003088247
-0.000259498,-0.000265752,-0.000231857,-0.000271765,-0.003009167,-0.00080732
0.002432453,0.002389979,0.002469297,0.002396464,-0.000286732,-0.003049107
0.004069627,0.004002219,0.004398525,0.004063454,0.002412227,-0.000263462
-0.004869927,-0.004794573,-0.004837473,-0.004787481,0.004003154,0.002520516
0.001143424,0.001124403,0.001165355,0.001140947,-0.004731931,0.004066672
-0.00465719,-0.004597012,-0.004622659,-0.004621583,0.001124236,-0.004848877
-0.001398703,-0.001401466,-0.00139737,-0.001494629,-0.00453008,0.001143427
-0.002217678,-0.002185054,-0.002146919,-0.002174372,-0.00128195,-0.004676556
-0.002050601,-0.002022068,-0.002035868,-0.002025522,-0.002322781,-0.00143069
0.001998539,0.001976235,0.00200201,0.001989147,-0.00201963,-0.002228581
0.002154803,0.002124399,0.002165587,0.002142204,0.001950444,-0.002059556
-0.001979383,-0.00195392,-0.001981753,-0.001962574,0.002135757,0.002000905
0.001817126,0.001784099,0.001846884,0.001825521,-0.001968233,0.002154627
-0.002649864,-0.002623074,-0.002646962,-0.002627597,0.001799948,-0.00198826
0.003962613,0.003900283,0.003973166,0.003926765,-0.002713717,0.001810805
-0.000237519,-0.000235526,-0.000230247,-0.000226719,0.003935721,-0.002670335
-0.001790953,-0.001762768,-0.001775739,-0.001766184,-0.000227354,0.003964804
-0.001534262,-0.001520163,-0.001512937,-0.001490971,-0.00176208,-0.000243724
-0.004085537,-0.004035256,-0.004079573,-0.004044144,-0.001511247,-0.001797258
0.001503928,0.001476592,0.001510182,0.001511015,-0.004005672,-0.00155137
0.005524342,0.005438981,0.005562822,0.00550648,0.001506845,-0.004108474
0.000910012,0.000882815,0.000919265,0.000902409,0.005477595,0.001499342
-0.00547308,-0.005400335,-0.005464946,-0.00536163,0.001163823,0.005528594
0.00362616,0.003562228,0.003624108,0.003588367,-0.005394255,0.00090335
-0.003747426,-0.003706583,-0.003746339,-0.003717431,0.003584295,-0.005481099
0.000417655,0.00039614,0.000423439,0.000450761,-0.003718059,0.003615943
0.000569307,0.000554834,0.000577699,0.000573754,0.000330176,-0.003756591
0.000232901,0.00022786,0.000248079,0.000245154,0.000575687,0.000397933
0.004081544,0.004006754,0.004084953,0.004074314,0.000242216,0.000558031
0.00364623,0.003587147,0.003653911,0.003613407,0.004035696,0.00020248
0.005554963,0.005454399,0.005526713,0.005516904,0.003598171,0.004064156
0.002669101,0.002624157,0.002599226,0.002657766,0.005477671,0.003657436
0.001144218,0.00111347,0.001116133,0.001136619,0.00259903,0.005566801
0.004323468,0.004243013,0.004345653,0.004299746,0.001186023,0.002653913
-0.002568735,-0.002646058,-0.002628239,-0.002643738,0.004238573,0.001110544
0.002358629,0.002334705,0.002369578,0.0023672,-0.002536243,0.004336002
-0.003260149,-0.003201325,-0.003227876,-0.003205455,0.002289583,-0.002658094
-0.00615161,-0.006072513,-0.006153371,-0.006107594,-0.00319343,0.002376468
-0.015873189,-0.015697574,-0.015913581,-0.015833337,-0.005919045,-0.003247824
0.004203195,0.004169983,0.004248033,0.004242257,-0.015793934,-0.006195775
-0.002067632,-0.002057002,-0.002075731,-0.002066411,0.004139292,-0.015982545
0.003331654,0.003276701,0.003341936,0.003285484,-0.001982026,0.004246027
-0.006845008,-0.006789601,-0.006863448,-0.006851311,0.003324535,-0.001561971
-0.002863571,-0.00267849,-0.002685912,-0.002677569,-0.006736996,0.003330951
-0.000722032,-0.000718778,-0.000710884,-0.000712425,-0.002674108,-0.006919565
0.002706622,0.002663853,0.002719592,0.002697788,-0.000732246,-0.002728909
-0.003594903,-0.003548363,-0.003588709,-0.003571139,0.002343335,-0.000726512
0.001288836,0.00127193,0.001290416,0.001287307,-0.003536718,0.002714549
-0.006019142,-0.005936036,-0.006006145,-0.005972855,0.001269137,-0.003612152
0.001785403,0.001758002,0.001799704,0.001791407,-0.00594333,0.001285968
0.006024494,0.005941737,0.006067525,0.006031255,0.001770325,-0.006010143
-0.00093762,-0.000929647,-0.000936582,-0.000918078,0.005963746,0.001989892
-0.001823174,-0.001807018,-0.001798598,-0.001763689,-0.000926213,0.006042331
-0.001788646,-0.001774816,-0.001788826,-0.001752129,-0.001784266,-0.000945789
0.002102368,0.002071539,0.002100295,0.002092284,-0.001728688,-0.001844596
-0.000284236,-0.000292462,-0.000285472,-0.000275702,0.002072138,-0.001807662
0.003156756,0.003113275,0.003176745,0.003154317,-0.000299421,0.002110254
0.005426244,0.005340618,0.005470708,0.005490755,0.003102974,0.000168805
-0.000940656,-0.000938386,-0.000928412,-0.000928633,0.005338086,0.00317293
-0.000729073,-0.000722206,-0.000731336,-0.000705339,-0.000920497,0.005442041
-0.005810711,-0.005727129,-0.005783669,-0.005751229,-0.000709877,-0.000952577
0.004491807,0.00441238,0.004381533,0.004479093,-0.005752222,-0.000737909
0.000799852,0.000724991,0.000757754,0.000827367,0.004444028,-0.005394821
-0.003421729,-0.003394604,-0.003445629,-0.003403058,0.000753761,0.004488044
-0.001709717,-0.001690554,-0.001702545,-0.001704962,-0.00343136,0.000793312
6.76E-05,6.50E-05,7.47E-05,7.81E-05,-1.70E-03,-0.003449479
0.002100914,0.002080494,0.002102202,0.002113022,8.34E-05,-0.001727134
-0.003175781,-0.003150682,-0.003123192,-0.003133424,0.002141101,6.22E-05
-0.001411353,-0.001394757,-0.001396492,-0.001373085,-0.003152313,0.002108982
-0.000242713,-0.000243647,-0.000234472,-0.000221775,-0.001407761,-0.003205664
-0.000867268,-0.000858414,-0.000856103,-0.000859415,-0.000229234,-0.001420064
0.004296989,0.004240892,0.004307584,0.004273956,-0.000850699,-0.000248291
0.00876806,0.008644414,0.008791541,0.008673922,0.004289022,-0.000749463
-0.000107753,-0.000112264,-9.27E-05,0.000152771,8.72E-03,0.004316325
0.001948221,0.001915082,0.001950415,0.001933655,-8.20E-05,0.008802549
-0.003063381,-0.003033847,-0.003046519,-0.003024673,0.001921683,-0.00011495
0.000960028,0.000944808,0.000988306,0.000963325,-0.003063261,0.001953006
-0.001771421,-0.001758238,-0.001753695,-0.001736084,0.000957029,-0.002986636
-0.002690579,-0.002660298,-0.002677278,-0.002687106,-0.001779488,0.000972972
-0.000928377,-0.000922545,-0.000923263,-0.000922048,-0.002647518,-0.001795518
0.003440726,0.003386317,0.003435326,0.003438877,-0.000934284,-0.002608522
0.005944042,0.005858647,0.005941836,0.005935322,0.003367247,-0.000937917
0.003402769,0.003351567,0.003439147,0.003409836,0.005831437,0.003538064
0.000555181,0.000542762,0.00057883,0.000554662,0.00334419,0.006303005
0.001298533,0.001274694,0.001291738,0.001300078,0.000554776,0.003479009
9.82E-05,9.25E-05,0.000110139,0.000100167,0.001254447,0.000552939
-0.000584056,-0.000572946,-0.000546708,-0.000577392,0.000104197,0.001547372
0.002258481,0.00220533,0.002268628,0.002276766,-0.000543038,0.000191327
0.003325746,0.003278897,0.003331709,0.0033269,0.002189315,-0.000594365
-0.000968384,-0.000956568,-0.000944979,-0.000941724,0.00322576,0.002257649
0.005374813,0.005313102,0.005396609,0.005350145,-0.000930532,0.003344756
-0.00139393,-0.00138023,-0.00138493,-0.00137399,0.005261555,-0.000973008
0.004913491,0.004839855,0.004925047,0.004878504,-0.001379643,0.005395855
-0.003235958,-0.00319776,-0.003219938,-0.003149614,0.004791051,-0.001170436
0.003366112,0.003318306,0.003376205,0.003322463,-0.0031999,0.004922971
-0.00749226,-0.007377789,-0.007455016,-0.007406477,0.003328272,-0.003265741
-0.002929482,-0.002889937,-0.002927356,-0.002900852,-0.00754088,0.003376281
0.00717808,0.007025813,0.007151781,0.00718984,-0.002966881,-0.007473645
-0.004234861,-0.004183466,-0.004223171,-0.004211083,0.007062077,-0.002951573
-0.000440149,-0.00043101,-0.000411171,-0.000417692,-0.004187939,0.007268507
-0.000656778,-0.000657749,-0.000638549,-0.000634029,-0.00041169,-0.004132717
0.000833909,0.000827329,0.00084722,0.000839285,-0.000657894,-0.000451385
0.003118582,0.00307165,0.003121321,0.003114305,0.00081876,-0.000606072
0.006898832,0.006786575,0.00690688,0.006870739,0.003059296,0.000865678
-0.002697601,-0.00265592,-0.00268569,-0.002688885,0.00679044,0.003125087
-0.009237212,-0.009111519,-0.009224438,-0.009194022,-0.002666564,0.006939098
-0.001690663,-0.001666639,-0.001681133,-0.001671993,-0.009201429,-0.002709138
0.002190039,0.002144448,0.002187556,0.002184494,-0.001672258,-0.009283374
0.00444601,0.004386167,0.004472204,0.004345203,0.002154848,-0.001701103
-0.003052044,-0.003023503,-0.003062225,-0.003040067,0.004461378,0.002191109
0.009018296,0.008881418,0.008990404,0.008994462,-0.003034842,0.004463109
-0.001899489,-0.001926166,-0.001941744,-0.00187478,0.008927819,-0.003080397
0.000955965,0.000942794,0.000973937,0.000955607,-0.001922401,0.009049694
-0.003970371,-0.00389363,-0.003950421,-0.003931376,0.000959418,-0.001917976
-0.00190195,-0.001870507,-0.001865747,-0.001872976,-0.003825496,0.000950878
-0.001449634,-0.001375122,-0.001406472,-0.001432547,-0.001855034,-0.003979841
0.001943614,0.00191934,0.001939176,0.001942774,-0.001361939,-0.001917931
-0.003259307,-0.003217425,-0.003255968,-0.00323393,0.001928269,-0.001463324
0.003055967,0.002987894,0.003079378,0.003070118,-0.003203716,0.001944939
0.007562163,0.007418081,0.007559488,0.007537272,0.003002553,-0.00327326
-0.000978086,-0.000975252,-0.00097353,-0.000952959,0.007423945,0.003050577
0.005619356,0.005473644,0.00559849,0.005593111,-0.000968405,0.007578886
-0.022487667,-0.022041566,-0.022440594,-0.022335588,0.005464519,-0.000984469
-0.012089876,-0.011764746,-0.011971536,-0.01202185,-0.021912087,0.005623638
-7.53E-05,-0.000212752,-0.000123395,-6.09E-05,-0.011860751,-0.022522017
0.005639049,0.005526115,0.005645407,0.005633664,-0.000236182,-0.01211535
-0.004434996,-0.004312516,-0.004431501,-0.004402865,0.005626202,-7.90E-05
0.001869263,0.001766432,0.001876101,0.001867527,-0.004358313,0.005630598
0.001751943,0.001533084,0.001743108,0.001736466,0.001802121,-0.004435948
0.004088751,0.004017376,0.004047392,0.004048268,0.001751416,0.001866057
0.002267701,0.002219335,0.002292269,0.002236144,0.00397875,0.001740097
0.004975414,0.004883194,0.004941763,0.004958553,0.002250104,0.00408407
0.00164676,0.001645164,0.001713284,0.001657682,0.004900194,0.002256837
-0.007387576,-0.007275642,-0.007355043,-0.007295911,0.001659032,0.004969499
0.003399357,0.003330471,0.003375882,0.003385786,-0.007276476,0.001632303
-0.002810095,-0.002767839,-0.002796317,-0.002782453,0.003321917,-0.007411129
-0.000981745,-0.000964255,-0.000941401,-0.000947389,-0.002772562,0.003398049
-0.003296498,-0.003238045,-0.003258848,-0.003258446,-0.000926404,-0.002818989
-0.00104071,-0.001030106,-0.001026446,-0.001020556,-0.003239956,-0.000994295
-0.00511608,-0.005026803,-0.005043958,-0.005064855,-0.001034235,-0.003301581
-0.002721726,-0.002678803,-0.002692824,-0.002551998,-0.005028715,-0.001046519
0.003729429,0.003659882,0.003750707,0.003712442,-0.002697307,-0.005068007
-0.001457972,-0.001429826,-0.001450104,-0.001442735,0.003725943,-0.0027307
0.000430889,0.000423636,0.000418622,0.000435933,-0.001449129,0.003712896
-0.000413776,-0.000409856,-0.000401237,-0.000402068,0.000383109,-0.001057479
-0.008491684,-0.008347009,-0.008377343,-0.008444934,-0.000377709,0.000427624
-0.002400446,-0.002365966,-0.002394887,-0.002382666,-0.008445196,-0.000419062
-0.000843493,-0.000824942,-0.000788754,-0.00083602,-0.002435908,-0.002131206
-0.00038609,-0.000379465,-0.000374595,-0.00037788,-0.000814199,-0.006388495
-0.001466125,-0.001453067,-0.001453305,-0.001436019,-0.000383552,-0.002392429
0.000583674,0.000575835,0.000596222,0.000586988,-0.00146628,-0.000836081
-0.002372687,-0.002345252,-0.002348151,-0.002354107,0.000573077,-0.000389217
-0.001966545,-0.00193752,-0.001959916,-0.0019488,-0.002296909,-0.001478072
0.003545806,0.003483892,0.003553184,0.003534288,-0.001932897,0.000579382
-0.000216544,-0.000221367,-0.000180094,-0.000201236,0.003476626,-0.002384057
0.002476003,0.0024399,0.002472638,0.002462798,-0.000197461,-0.001969662
-0.001835735,-0.001805751,-0.001838492,-0.001804058,0.00242894,0.0035411
-0.00075261,-0.000745937,-0.000742747,-0.000735273,-0.001807048,-0.000231175
0.000794036,0.000774138,0.000813135,0.000798792,-0.000734313,0.002472309
-0.001988826,-0.00196396,-0.001973528,-0.001956073,0.000767482,-0.001841051
-0.001941228,-0.001912365,-0.001913288,-0.001914738,-0.001964833,-0.000756216
0.00082548,0.00080596,0.000810861,0.000817083,-0.001907105,0.000780903
0.002348506,0.002279128,0.002326119,0.002281174,0.000804914,-0.001995349
-0.005680561,-0.00555621,-0.005562812,-0.005559751,0.002305207,-0.001948086
0.000725671,0.000709197,0.000725352,0.000715144,-0.005581763,0.000817723
-0.002111048,-0.002071385,-0.002075842,-0.002068746,0.000697795,0.002315539
-0.001138853,-0.001139578,-0.001143398,-0.001136951,-0.002075452,-0.005664123
0.003571496,0.003512754,0.002475541,0.003521512,-0.001145859,0.000722101
-7.45E-05,-7.94E-05,-6.71E-05,-6.27E-05,3.58E-03,-0.002115283
0.001355373,0.001338058,0.001329134,0.001354358,-9.61E-05,-0.00115839
-0.001856291,-0.001829947,-0.001821861,-0.001840894,0.00131506,0.003566236
0.000758177,0.00074088,0.000741593,0.000757071,-0.001809658,-8.90E-05
0.003585736,0.003516356,0.003533315,0.00356292,0.000750304,0.001350895
-0.000441234,-0.000430891,-0.000420204,-0.00041453,0.003504458,-0.001862778
0.002670896,0.002621903,0.002630789,0.002642303,-0.000431571,0.000752289
-0.001854658,-0.001824891,-0.001868689,-0.001819402,0.002591073,0.003576405
-0.001809605,-0.001780437,-0.001761556,-0.001779174,-0.001836739,-0.00045376
-0.004551471,-0.004474701,-0.004497827,-0.004530447,-0.001764001,0.002663533
0.00076533,0.000750336,0.000775364,0.000771574,-0.004422239,-0.001859793
-0.004326383,-0.004289681,-0.004329521,-0.004314368,0.000738074,-0.001813873
-0.002160058,-0.002123179,-0.002149245,-0.002139092,-0.004343379,-0.004556355
-0.001202552,-0.001177522,-0.001175658,-0.001184319,-0.002139844,0.000752438
-4.38E-05,-0.000408558,-0.000268869,6.36E-06,-1.17E-03,-0.004364045
0.00056004,0.000395017,0.000351415,0.000426244,-6.42E-05,-0.002162291
0.001900108,0.001855553,0.00196778,0.001898784,0.000481522,-0.001203758
0.00314359,0.00306555,0.003152565,0.003154584,0.00191489,-7.94E-05
-0.004327065,-0.004261875,-0.004294018,-0.004291024,0.003129977,0.000405293
0.000191302,0.000207208,0.000226249,0.000206211,-0.004271202,0.001895967
0.003205414,0.003139825,0.003190136,0.003175655,0.000206656,0.003127459
-0.000544435,-0.000536818,-0.000538983,-0.00053303,0.00317101,-0.004318683
-0.003346245,-0.003298337,-0.003319992,-0.003322538,-0.000533024,0.000179082
0.001699115,0.001673486,0.001700836,0.001695389,-0.003324485,0.003191312
0.008349155,0.008202801,0.008344892,0.008273428,0.001687718,-0.000550024
-0.002042564,-0.0020162,-0.002036181,-0.002009126,0.008260075,-0.003358006
0.000557732,0.000542387,0.000548278,0.000553911,-0.00200744,0.001693772
-0.006698419,-0.00657715,-0.006645327,-0.006615685,0.000516299,0.00833262
-0.001533033,-0.001508602,-0.001518295,-0.001517721,-0.006606724,-0.002054041
-0.002693169,-0.002642265,-0.0026513,-0.002671299,-0.00151147,0.000550051
-0.000957497,-0.000942314,-0.000938401,-0.000942993,-0.00261113,-0.006700201
0.000834267,0.000816044,0.000834966,0.000831077,-0.000916581,-0.001541251
-0.000614578,-0.000598576,-0.000618978,-0.000601319,0.000830345,-0.0027056
-0.000128495,-0.000128266,-0.000112751,-0.000122272,-0.000600226,-0.000963184
0.004347724,0.004276739,0.004358244,0.004327803,-0.000119694,0.000827915
0.002155176,0.002120506,0.002136712,0.0021406,0.004288336,-0.0006201
0.002200386,0.002168471,0.002185992,0.002181306,0.002129467,-0.000132653
-0.002900726,-0.002853106,-0.00286697,-0.00288462,0.002174651,0.004333497
-0.002386456,-0.002348117,-0.002347203,-0.002375138,-0.002826631,0.002150176
0.004826814,0.004739056,0.004753798,0.004801999,-0.002365043,0.002196048
0.002002397,0.00196171,0.001988401,0.001991434,0.004754588,-0.002853342
-0.002439864,-0.002400201,-0.002393174,-0.002414379,0.001955531,-0.002373358
0.003070967,0.002962351,0.00300555,0.00300171,-0.002383629,0.004807137
0.002032963,0.00200034,0.002020491,0.002020688,0.002936288,0.001991195
0.009166238,0.009078978,0.009153715,0.009054984,0.002010982,-0.002450413
-0.00981336,-0.009703456,-0.009792479,-0.009664563,0.009004431,0.003013061
-0.003735172,-0.003676064,-0.003712825,-0.003708399,-0.009565267,0.00202504
-0.001713469,-0.001673148,-0.001689272,-0.00169897,-0.003608189,0.01066598
0.001737227,0.001700155,0.001731388,0.001724764,-0.001677542,-0.001492387
0.001731561,0.00169975,0.00171089,0.001707902,0.001698525,-0.009875707
-0.002491304,-0.002458556,-0.002468937,-0.002470303,0.001678969,-0.003745263
-0.00366039,-0.003601424,-0.003626297,-0.003643136,-0.00243545,-0.001721089
0.001115265,0.001101571,0.001112562,0.001105734,-0.003627968,0.00172964
0.00212695,0.002121355,0.002110513,0.002112756,0.001117683,0.00171589
0.002020876,0.002005465,0.002029559,0.002017545,0.002111609,-0.00249939
0.00173314,0.001661483,0.001716038,0.001704692,0.002007774,-0.003669872
-0.004524593,-0.004457483,-0.004528255,-0.004471858,0.001670214,0.00111009
0.001617303,0.001590691,0.001634976,0.00160792,-0.004450368,0.002121663
0.008634132,0.008455841,0.008600217,0.008583376,0.001588069,0.002132079
0.000892004,0.000882157,0.00088388,0.000881572,0.008433335,0.001709727
0.00425508,0.004184491,0.004228749,0.00419767,0.000899277,-0.004528215
0.001570386,0.001539593,0.00156722,0.001545439,0.004203029,0.00160971
0.016161751,0.015853691,0.016050028,0.015886879,0.001534569,0.00859622
0.001681055,0.001643495,0.00168684,0.001659803,0.015679983,0.000883513
-0.005657744,-0.005539739,-0.005570847,-0.005466254,0.001729981,0.004249687
0.002416437,0.002373667,0.002417491,0.002385181,-0.005474153,0.001563
-0.000685344,-0.000672152,-0.000709813,-0.000673305,0.002259472,0.01612167
0.010205119,0.010016781,0.010149119,0.010137986,-0.000657733,0.001741582
0.02296972,0.022588979,0.022922425,0.022547025,0.009932397,-0.005427414
-0.000745651,-0.00073362,-0.000737156,-0.000675333,0.02220328,0.002415448
0.037026829,0.03625711,0.036024035,0.035562891,-0.000453034,-0.000690645
-0.017184504,-0.016840196,-0.016890022,-0.016330199,0.035949803,0.01021136
0.036360108,0.035032208,0.034996939,0.03453329,-0.016784496,0.023041559
0.011689772,0.011097742,0.011283667,0.010806122,0.034512462,-0.000760432
0.025063907,0.024349435,0.024684242,0.024194077,0.010654025,0.03705228
0.00857838,0.008422972,0.008548649,0.00776519,0.0236125,-0.017214392
-0.02416221,-0.023645567,-0.023899572,-0.023555342,0.008527891,0.036006414
0.060789578,0.059343902,0.060167527,0.059715574,-0.023617043,0.011367727
-0.011634743,-0.011261874,-0.011473637,-0.010805526,0.059127557,0.024985144
-0.028975196,-0.028462376,-0.028903164,-0.027860352,-0.010571352,0.008833638
-0.020880356,-0.02041477,-0.02062975,-0.020206734,-0.028419651,-0.024297169
0.001946301,0.00186137,0.001878581,0.00186147,-0.020208064,0.061243069
0.020444491,0.019989134,0.020114563,0.019805647,0.001807647,-0.011428761
-0.015464936,-0.014998153,-0.014679289,-0.014753744,0.019559724,-0.029301113
0.018118787,0.017802536,0.017357312,0.017577721,-0.014361864,-0.020960239
0.01049156,0.010303227,0.01021985,0.010110392,0.017597533,0.001906579
-0.037133214,-0.036638376,-0.036050848,-0.035178271,0.010158292,0.020508929
0.002508703,0.002481383,0.002551833,0.002511821,-0.03527551,-0.015423404
-0.018015302,-0.017710443,-0.017747315,-0.017661076,0.002388964,0.01810413
0.006630364,0.006507881,0.006597513,0.006395987,-0.017566496,0.010487099
0.00443154,0.004373802,0.00445341,0.00433141,0.006547145,-0.037326477
-0.003169057,-0.003112692,-0.003119051,-0.003111001,0.004354697,0.002509682
-0.013763182,-0.013579487,-0.013689319,-0.013518345,-0.003090319,-0.018008704
-0.000803302,-0.000809735,-0.000716279,-0.001046822,-0.013424229,0.006594981
0.014090967,0.013886137,0.013804857,0.01383538,-0.000794663,0.004412118
-0.010386498,-0.010229185,-0.010158822,-0.010151998,0.013830294,-0.003173414
-0.006632043,-0.006550383,-0.006590181,-0.006510524,-0.010103231,-0.013773561
0.007370717,0.007247651,0.007305803,0.007220626,-0.006416556,-0.000814242
-0.005712893,-0.00561732,-0.005631967,-0.005593109,0.007078525,0.014104144
-0.005044484,-0.004977868,-0.005030609,-0.00495759,-0.005446878,-0.010404586
-0.008097454,-0.008002191,-0.00807305,-0.0079622,-0.004842331,-0.006641043
-0.013041955,-0.012843088,-0.012957993,-0.01296474,-0.007704088,0.007365897
0.026628994,0.02617397,0.026413817,0.025895622,-0.012453834,-0.005727207
0.0036103,0.003543679,0.003561173,0.003857895,0.026144297,-0.005052372
-0.003188057,-0.003143145,-0.003121117,-0.003116833,0.003463693,-0.008113983
0.003332268,0.003280188,0.003305805,0.00325675,-0.003019171,-0.013041493
-0.002729523,-0.002685294,-0.002705345,-0.002659094,0.003130591,0.026587403
0.001135139,0.001106611,0.001156843,0.001164314,-0.002654049,0.003600392
0.002621262,0.002581395,0.002596555,0.002582072,0.001134512,-0.003194874
-0.00877739,-0.008673933,-0.008586494,-0.008457987,0.002571639,0.003334767
0.012303594,0.012142922,0.012131872,0.012007776,-0.007833177,-0.002744309
0.000290505,0.000285649,0.000264748,0.000359411,0.011665318,0.001119751
0.01521735,0.014967775,0.014999453,0.015000899,0.000364721,0.002623759
-0.002308372,-0.002377645,-0.002301132,-0.002358642,0.014813187,-0.008736791
-0.008941105,-0.008892817,-0.008849173,-0.008814671,-0.002342904,0.012186897
-0.001596153,-0.001708954,-0.00162279,-0.001599403,-0.009063111,0.000351229
0.003668586,0.003689592,0.003668207,0.003646433,-0.001583487,0.015188108
0.000912097,0.000886554,0.000955447,0.000919288,0.003699064,-0.002411281
-0.01386851,-0.013760644,-0.013727332,-0.013767434,0.000905098,-0.008861185
-0.00808451,-0.008010648,-0.007999205,-0.008051896,-0.013605915,-0.001607591
-0.003440594,-0.00331072,-0.003373873,-0.003416099,-0.007906455,0.003670188
-0.011591424,-0.011448243,-0.011424893,-0.011513959,-0.003268921,0.000897052
-0.006745772,-0.006674264,-0.00665765,-0.006676179,-0.011387678,-0.01390542
-0.003697434,-0.003682067,-0.003688286,-0.003674291,-0.006674454,-0.008105011
0.001646038,0.001718681,0.001721379,0.001636376,-0.003931728,-0.003004101
-0.003893033,-0.003802315,-0.003783378,-0.003870276,0.001774059,-0.011622208
-0.001041844,-0.001038688,-0.001009338,-0.001033275,-0.003881646,-0.006754472
0.005253835,0.005121699,0.00522155,0.005227421,-0.000976751,-0.003631252
-0.00368706,-0.003653259,-0.003684165,-0.00369072,0.005193423,0.001643542
0.009039778,0.008879254,0.008966475,0.0089897,-0.003653224,-0.003900206
-0.003116911,-0.003053447,-0.003077863,-0.00309545,0.008915253,-0.001054334
0.007136314,0.007035067,0.007072357,0.007091366,-0.003032622,0.005261511
-0.004872788,-0.004857805,-0.004930285,-0.004813752,0.006957584,-0.003697818
0.001263636,0.001325715,0.001272083,0.001248343,-0.004654057,0.009081216
-0.008950048,-0.008881401,-0.008839602,-0.008900758,0.001223863,-0.003129136
-0.006657586,-0.006615371,-0.006645521,-0.006666834,-0.00865608,0.00715643
-0.002225183,-0.002029663,-0.001990982,-0.00220645,-0.006522077,-0.004892085
-0.006388869,-0.00625384,-0.006209062,-0.006341749,-0.001945725,0.001259273
0.006925132,0.006464914,0.006723871,0.006874011,-0.006183853,-0.008980848
0.000338045,0.000249735,0.000339746,0.000338363,0.006833812,-0.006598098
-0.004063045,-0.004078179,-0.004050219,-0.004048071,0.000349799,-0.002239854
0.002601246,0.002645054,0.002591928,0.002575337,-0.003990289,-0.006410153
0.000569985,0.000570077,0.000589018,0.000561773,0.002570164,0.00693718
-0.006137538,-0.006049303,-0.00611255,-0.006047924,0.000575344,0.000334921
-0.005443771,-0.005358107,-0.005455466,-0.005368607,-0.006076384,-0.004083728
-0.002137461,-0.00210624,-0.002068622,-0.002108961,-0.005401355,0.002597745
-0.006506391,-0.006407347,-0.006457955,-0.006434685,-0.002122948,0.000568309
-0.002209689,-0.002177007,-0.002206487,-0.002187765,-0.006457715,-0.006158504
0.004104604,0.004026876,0.0041136,0.004086658,-0.002200102,-0.005232332
-0.00525565,-0.005149256,-0.005247203,-0.005206289,0.004081165,-0.002147995
0.001696623,0.001664643,0.001686242,0.001687726,-0.005222831,-0.00558066
-0.001159927,-0.001141136,-0.001112194,-0.001145018,0.001662165,-0.002222949
0.007863903,0.007718169,0.007816117,0.007816116,-0.001122981,0.004110875
-0.000220357,-0.000218519,-0.000167993,-0.000216725,0.007749473,-0.004858282
-0.005087952,-0.004992871,-0.00504941,-0.005041704,-0.000237612,0.001698045
-0.006454987,-0.006343812,-0.006391101,-0.006399393,-0.0050316,-0.001177587
-0.004625552,-0.004551634,-0.004583419,-0.004587689,-0.006348947,0.007890243
-0.005866735,-0.005758009,-0.00583611,-0.005833423,-0.004498203,-0.000225929
0.000677037,0.000658722,0.000680554,0.000671867,-0.005706534,-0.005028695
-0.003123223,-0.003064906,-0.003105751,-0.003102735,0.000688338,-0.006482288
0.000136582,0.000133668,0.000120969,0.000135843,-0.003012652,-0.004654004
0.002218016,0.002182933,0.002266144,0.002202436,0.000105757,-0.00589456
-0.006333486,-0.006210232,-0.006283433,-0.006282178,0.002187589,0.000673885
0.004758711,0.004663877,0.004787273,0.004722696,-0.006141443,-0.003073304
0.003828836,0.00376481,0.003846441,0.003810367,0.004668622,0.000131764
0.001487813,0.001457207,0.001513832,0.001477526,0.003722123,0.002217279
0.007740635,0.007595008,0.007751529,0.007713426,0.00147573,-0.006344198
-0.008672667,-0.00851411,-0.008646113,-0.008594953,0.007661639,0.004785428
0.000184255,0.000178559,0.000193619,0.000184087,-0.008499479,0.003839099
-0.00426969,-0.004192061,-0.004263081,-0.004239768,0.000212218,0.001489249
-0.000168115,-0.000163824,-0.000151919,-0.000166149,-0.004205877,0.007775231
-0.001594558,-0.001570532,-0.001554115,-0.001579849,-0.000138744,-0.008709866
-0.002536084,-0.002492643,-0.002515,-0.002532778,-0.001530155,0.000283339
0.000424742,0.000418173,0.00042919,0.000425299,-0.002484308,-0.004155647
0.000468738,0.000459196,0.000481294,0.000469227,0.000420303,-0.000172654
0.004921377,0.004828699,0.004918141,0.004917198,0.000466006,-0.001612567
-0.001961918,-0.001929573,-0.001910765,-0.001955119,0.004803881,-0.002550915
-0.005386566,-0.005283498,-0.005377692,-0.005373767,-0.001878922,0.000422887
-0.00097853,-0.000968074,-0.000979753,-0.000969118,-0.005219965,0.000669905
0.004451994,0.004326289,0.004440421,0.004437849,-0.000954767,0.004938234
-0.002414833,-0.002353767,-0.002387776,-0.00240385,0.004322709,-0.001984091
-0.00407096,-0.003961768,-0.004006747,-0.004065302,-0.002336256,-0.005416509
-0.000495497,-0.00044469,-0.000451455,-0.00049053,-0.003966573,-0.000973605
-0.002552282,-0.002492947,-0.002537287,-0.002540966,-0.000420688,0.004458563
-0.000424694,-0.000344915,-0.00040426,-0.000428784,-0.002533565,-0.002428607
-0.003895096,-0.003643078,-0.003869666,-0.003889054,-0.000414248,-0.004097706
0.009314891,0.009060942,0.009294006,0.009301111,-0.003891992,-0.000501176
-0.003039524,-0.002984513,-0.003030272,-0.003031567,0.009283306,-0.002564379
-0.002150291,-0.002112625,-0.002128181,-0.002140334,-0.003000927,-0.000439364
0.001057958,0.001041355,0.00107295,0.00105422,-0.002110375,-0.00391118
0.007099261,0.006959886,0.007083592,0.007081335,0.001052556,0.009332044
-0.000664247,-0.000655514,-0.000644842,-0.00065831,0.006907704,-0.00305305
0.000589884,0.000575528,0.000580436,0.000587402,-0.000540514,-0.002063028
0.00194447,0.001907714,0.001946106,0.001941555,0.000591264,0.001057856
-0.007276695,-0.007119944,-0.007233557,-0.007244978,0.001913639,0.007117035
-0.000154391,-0.000153625,-0.000153025,-0.000151353,-0.007115007,-0.000679377
0.001083025,0.001057393,0.001110206,0.001090017,-0.000150422,0.000586883
-0.003205596,-0.003140167,-0.003192583,-0.003194451,0.001065819,0.00194493
-0.002860052,-0.002796492,-0.002914314,-0.002849694,-0.003148742,-0.007288565
0.003593192,0.003508481,0.003586,0.003580809,-0.002858689,-0.000159084
0.001494567,0.001465976,0.001513902,0.001515635,0.003501468,0.001095877
0.009174576,0.008941484,0.009118711,0.009153523,0.001481245,-0.00321219
0.003440705,0.00334133,0.003413584,0.003433212,0.008960112,-0.002865847
0.000759686,0.00068729,0.000687433,0.00075887,0.003338694,0.00358388
0.013041646,0.012727299,0.012950316,0.012992654,0.000671481,0.00149587
-0.009761317,-0.009600436,-0.009738009,-0.009746714,0.012663251,0.009170693
-0.006824986,-0.006600705,-0.006731935,-0.006775272,-0.009508214,0.003439835
9.96E-05,3.80E-05,8.65E-05,0.000104007,-0.006407431,0.000756362
-0.001076262,-0.001068169,-0.001058764,-0.001071238,2.59E-05,0.013047249
-0.0071065,-0.00699324,-0.007057489,-0.00708997,-0.001028884,-0.009809745
-0.003072593,-0.003030628,-0.003037742,-0.003063017,-0.007039979,-0.006833698
-0.006638498,-0.006533441,-0.006587367,-0.006621398,-0.003076011,9.62E-05
-0.003308446,-0.003262502,-0.003313023,-0.003312854,-0.006539583,-0.001081837
-0.003290219,-0.003236311,-0.003273432,-0.003279034,-0.003310481,-0.007118597
-0.003513798,-0.003459992,-0.003508088,-0.00350163,-0.003340472,-0.003093779
-0.000892651,-0.000882339,-0.000867298,-0.000896431,-0.003539003,-0.006644567
-0.000334706,-0.000331903,-0.000334838,-0.000335145,-0.000834433,-0.00332751
-0.001925508,-0.001897585,-0.001897888,-0.001923693,-0.000273179,-0.003295076
0.011503285,0.011314724,0.011488525,0.011477608,-0.001922946,-0.003517985
-0.002768636,-0.002724888,-0.002749281,-0.002761867,0.01139051,-0.000902932
-0.004829057,-0.00475873,-0.004778264,-0.004822887,-0.002750156,-0.000339118
-0.001204865,-0.001186049,-0.001193587,-0.001203354,-0.004685636,-0.001805344
-0.001734614,-0.001709734,-0.00171951,-0.001735188,-0.001263666,0.011502985
0.001551393,0.001523003,0.001559616,0.001546856,-0.001727194,-0.002773976
-0.00178589,-0.001757278,-0.001763553,-0.001781859,0.001594754,-0.004845768
0.005804058,0.005705038,0.00580015,0.005797767,-0.001727099,-0.001209628
-0.004030532,-0.003977128,-0.004002093,-0.004022401,0.005731933,-0.001741848
0.006322429,0.006225874,0.006340516,0.006313285,-0.003798367,0.001590627
0.001833019,0.001802063,0.0018339,0.001833068,0.006176866,-0.00135788
0.001487053,0.001460781,0.001496355,0.001486649,0.001877467,0.005802786
-0.001550651,-0.001539014,-0.001495769,-0.001541776,0.001481816,-0.004055073
-0.005444417,-0.005363733,-0.005406296,-0.005416672,-0.001588538,0.00647465
-0.003793117,-0.003736762,-0.003759046,-0.00378123,-0.005325134,0.0018818
-0.00764522,-0.007530441,-0.00756399,-0.007626342,-0.003716026,0.001486029
-0.005748108,-0.005666793,-0.005739998,-0.005742002,-0.007460703,-0.001570477
-0.007212863,-0.007100761,-0.007180646,-0.007220105,-0.00573522,-0.005466018
-0.006860318,-0.006764401,-0.006854314,-0.006846759,-0.007196008,-0.003812687
-0.003149796,-0.003108755,-0.003131935,-0.003139942,-0.006740083,-0.007673506
0.002365055,0.002322922,0.002375605,0.002332091,-0.003103484,-0.005769931
-0.00085174,-0.000842608,-0.000832323,-0.000852786,0.002357222,-0.007241314
-0.005050866,-0.00496891,-0.005015378,-0.0050599,-0.000796731,-0.006880272
-0.002235898,-0.002207459,-0.00219611,-0.002235133,-0.005072507,-0.003159762
0.005755487,0.005642842,0.00573775,0.005715141,-0.002141214,0.002362305
-0.002800768,-0.002758831,-0.002749718,-0.002799025,0.005739441,-0.000858681
-0.001913262,-0.001883438,-0.001856165,-0.001900487,-0.002683844,-0.001944831
-0.004367312,-0.004294655,-0.004377838,-0.004351831,-0.001730741,-0.003121019
0.006857043,0.006718442,0.006838343,0.006816285,-0.004254856,-0.002240545
-0.004261077,-0.004181164,-0.004247095,-0.004231827,0.006672851,0.005740112
0.00108422,0.001071482,0.001094748,0.0010834,-0.004088235,-0.002802796
-0.004931575,-0.004862251,-0.004886491,-0.004907201,0.001061666,-0.001924618
0.000367733,0.000357905,0.000402063,0.000367499,-0.004838922,-0.004371109
-0.000118179,-0.000136326,-8.11E-05,-0.000135637,0.000419653,0.006831971
-0.00432784,-0.004257443,-0.004326976,-0.004310398,-1.06E-05,-0.004256214
-0.003327202,-0.003279864,-0.00328694,-0.003307324,-0.004242323,0.001080905
-0.001726157,-0.001701892,-0.001735545,-0.001721217,-0.003232079,-0.004946419
-0.00468719,-0.00461737,-0.004669952,-0.004657081,-0.001671918,0.000363884
0.001358845,0.001338582,0.001385611,0.001357142,-0.004630458,-0.000142185
-0.001310403,-0.001291466,-0.001275715,-0.001300044,0.001390091,-0.004326899
-0.001438921,-0.001420347,-0.001398215,-0.001438468,-0.001212466,-0.003334198
-9.21E-05,-8.94E-05,-7.17E-05,-8.73E-05,-0.001354229,-0.001732114
-0.003763544,-0.003711429,-0.003753983,-0.003746839,-7.58E-05,-0.004688012
-0.002181367,-0.002226681,-0.002184931,-0.002173939,-0.00367826,0.001355011
-0.000606678,-0.000686119,-0.000646331,-0.00062447,-0.002181951,-0.001312713
1.32E-02,1.30E-02,1.31E-02,0.013155985,-6.10E-04,-0.001452627
-0.004304178,-0.00426173,-0.004248285,-0.004267696,0.012978154,-9.12E-05
-0.004098869,-0.004075889,-0.004046301,-0.004090174,-0.004204314,-0.00376947
-0.004909861,-0.004834698,-0.00485434,-0.004891521,-0.004017613,-0.002078524
-0.003485154,-0.003444554,-0.003436225,-0.003479048,-0.004830881,-0.000651088
-0.002369448,-0.00234888,-0.002337289,-0.002358042,-0.003414355,0.013208333
-0.001207715,-0.001181219,-0.001190851,-0.001209158,-0.002376175,-0.004294852
-4.18E-05,-6.37E-06,-2.45E-05,-4.23E-05,-0.001154067,-0.004110311
-0.001063799,-0.001053112,-0.001053354,-0.001062718,-3.95E-05,-0.004921991
-0.002769924,-0.002734111,-0.002735262,-0.00276298,-0.001035656,-0.003501086
-0.002337279,-0.002311772,-0.002324262,-0.002328994,-0.002713995,-0.002371899
0.002370408,0.002343626,0.00238488,0.002361783,-0.002317278,-0.001212719
0.000731399,0.000727549,0.000742169,0.000729294,0.002366686,-4.65E-05
-0.006169747,-0.006101633,-0.006148889,-0.006154911,0.000735185,-0.001068701
-0.004296048,-0.004247915,-0.004280085,-0.004280456,-0.006046543,-0.002783776
-0.00217062,-0.002134806,-0.002167275,-0.00216085,-0.004242624,-0.00234628
0.000220684,0.000219019,0.000245941,0.000223405,-0.002144349,0.002370981
-0.000848603,-0.000844792,-0.000846283,-0.000838063,0.000232352,0.000728491
0.004839128,0.004783088,0.004828993,0.004827225,-0.00081269,-0.006179384
0.004190519,0.004140213,0.004154264,0.004176114,0.004807719,-0.004312426
-0.007391462,-0.007290932,-0.00728005,-0.0073558,0.004133078,-0.002178721
-0.003443029,-0.003403683,-0.003407742,-0.003456344,-0.007275679,0.000217477
0.001430136,0.001411227,0.001415271,0.001424864,-0.003378102,-0.000805148
0.006582728,0.006500206,0.006572228,0.006562836,0.00141635,0.004839703
0.004748943,0.004691632,0.004754716,0.004755176,0.006562017,0.004186392
0.00850332,0.008389391,0.008475462,0.008470221,0.004727237,-0.00739505
0.004930863,0.004876001,0.004904618,0.004947974,0.008369984,-0.003448702
0.005486219,0.005424717,0.005436412,0.005467351,0.004864884,0.001462198
-0.02114099,-0.020888203,-0.020990216,-0.02104031,0.005340649,0.006580194
-0.010555193,-0.010427677,-0.010602757,-0.0105317,-0.020763882,0.004743395
-0.00397628,-0.003917062,-0.003944134,-0.003962645,-0.010231147,0.008505516
-0.003083125,-0.003041054,-0.003024045,-0.003086356,-0.00393237,0.004933963
-0.001000225,-0.000983251,-0.000992447,-0.00099278,-0.002994063,0.005487858
-0.00523488,-0.005179288,-0.005177673,-0.00522777,-0.00093959,-0.021194227
0.000125313,0.000117639,0.000124342,0.000124842,-0.005169749,-0.010567739
0.000170587,0.000171354,0.00020048,0.000171074,0.000129417,-0.0039763
-0.001984858,-0.00196346,-0.001972517,-0.001980332,0.000192476,-0.00308739
-0.000101478,-9.84E-05,-0.000112951,-0.000102186,-0.001941166,-0.001005667
-0.005093169,-0.005034225,-0.00505978,-0.00509402,-0.000137809,-0.005251229
0.000420087,0.000415922,0.000437316,0.000459713,-0.005011858,0.000166565
0.00330342,0.003274318,0.003297829,0.003301285,0.000464434,0.000166629
0.003197158,0.003159829,0.00321691,0.003181184,0.003297144,-0.001876101
0.003696291,0.003652821,0.003672544,0.003685592,0.003193927,-0.000107693
0.009533016,0.009430778,0.009528494,0.009529451,0.003609363,-0.005108059
-5.68E-05,-5.39E-05,-2.25E-05,-5.82E-05,9.47E-03,0.000416223
-0.008837869,-0.008773591,-0.008841143,-0.008865472,8.87E-06,0.003349767
-0.002191698,-0.00216016,-0.002141128,-0.00218451,-0.008786499,0.00319638
0.016783506,0.016593829,0.016774879,0.016756341,-0.002123541,0.003695932
-0.006555448,-0.006504765,-0.006505773,-0.006495358,0.016547766,0.009886904
-0.003858609,-0.003816408,-0.003798456,-0.00382772,-0.006399933,-6.19E-05
-0.009776529,-0.009646593,-0.009708354,-0.00974414,-0.003777407,-0.008901756
0.005078861,0.005038682,0.005055954,0.005075894,-0.009569714,-0.002197645
3.78E-03,3.74E-03,3.76E-03,3.78E-03,5.01E-03,0.016823391
-0.000375153,-0.000360726,-0.000351395,-0.000367105,0.003761641,-0.006582365
-0.004977607,-0.004991837,-0.004979243,-0.004983379,-0.000351754,-0.003877363
-0.002147531,-0.002129747,-0.002126833,-0.002135217,-0.004913918,-0.009799085
0.004151029,0.004089891,0.004152278,0.004154874,-0.002137798,0.00508274
0.003416691,0.003375132,0.003434604,0.003421346,0.004103515,0.0037811
0.000270496,0.000292146,0.000309536,0.000275154,0.003418086,-0.000307914
0.00487404,0.004784599,0.004856519,0.004859491,0.000311435,-0.005002808
0.005131226,0.005056779,0.005120403,0.005130119,0.004812036,-0.002156768
-0.00561828,-0.005481927,-0.005607428,-0.0056055,0.005131506,0.004147869
0.000757258,0.000751882,0.000783824,0.000782015,-0.005560542,0.003407859
-2.43E-03,-2.40E-03,-2.42E-03,-2.43E-03,8.08E-04,0.000268269
0.007621973,0.007532724,0.00763254,0.007607917,-0.002411961,0.0048764
0.006590575,0.006453589,0.006577565,0.00657374,0.007510973,0.005132568
-0.005050314,-0.005015452,-0.004959909,-0.00504391,0.006534884,-0.005626041
-0.009855731,-0.009759837,-0.009731118,-0.009848907,-0.004934698,0.000758047
0.005474811,0.005445828,0.005440609,0.005472178,-0.009724403,-0.00243768
-0.004544429,-0.004475922,-0.004511438,-0.004526045,0.005424215,0.007625315
0.007642588,0.007536483,0.007649059,0.007635276,-0.004493423,0.006586052
-0.000359412,-0.00036625,-0.000353498,-0.000358661,0.007578357,-0.0050662
-0.004042533,-0.003993807,-0.003995439,-0.004024817,-0.00033607,-0.009883296
-0.000734944,-0.000723291,-0.000727899,-0.000727473,-0.003956434,0.005469236
0.001358742,0.001340866,0.001364044,0.00135882,-0.000708645,-0.004543557
0.015247055,0.01502609,0.015192576,0.0152217,0.001339285,0.00762316
-0.005943458,-0.005865021,-0.005905359,-0.005782595,0.015074468,-0.000371505
-0.002298314,-0.002267653,-0.00227443,-0.002285533,-0.005772933,-0.004044734
-0.000246873,-0.000248425,-0.000212888,-0.000242818,-0.002218206,-0.000737892
0.007939027,0.007825907,0.007916931,0.007940859,-0.000193849,0.001354331
0.002218764,0.002181979,0.002228385,0.002223423,0.007863949,0.015220869
-0.003390479,-0.003340766,-0.003381882,-0.003375631,0.002227057,-0.005951297
0.001837536,0.001808915,0.00184042,0.001839501,-0.003356554,-0.002316475
-0.004571806,-0.004507592,-0.004524575,-0.004539756,0.001815775,-0.000252208
-0.004971829,-0.004899924,-0.004949882,-0.004968597,-0.00443295,0.00792142
-0.006951715,-0.006846444,-0.006918712,-0.006914535,-0.004942433,0.002212175
-0.000329768,-0.000346918,-0.000333697,-0.000316028,-0.006888962,-0.003399328
0.008675868,0.008559381,0.008694786,0.00867395,-0.000323016,0.001830429
0.00058275,0.000569511,0.000590311,0.000589157,0.008691858,-0.004584216
0.004167211,0.004114352,0.004167412,0.004163016,0.000622286,-0.004976403
-0.003793764,-0.003742339,-0.003764445,-0.003784236,0.004148166,-0.006951291
-0.002414082,-0.002387929,-0.00240982,-0.00240594,-0.003733782,-0.000280219
-0.002258611,-0.002237833,-0.002261375,-0.002258814,-0.002367559,0.008669405
-0.002589218,-2.56E-03,-0.002554478,-0.002582662,-0.002233475,0.00056872
0.003003212,0.00296008,0.003007813,0.003002392,-0.002517654,0.004165177
0.004186162,0.004125023,0.004170235,0.004183676,0.002993257,-0.003799802
-0.000364201,-0.000370818,-0.000344767,-0.000358896,0.004166164,-0.002421855
-0.007474022,-0.00737291,-0.007432825,-0.007444306,-0.000331933,-0.002271644
-0.005324768,-0.005255273,-0.00528569,-0.005319087,-0.007346996,-0.002604132
0.002518257,0.002487241,0.002538306,0.002528129,-0.005275575,0.002998479
2.96E-03,2.92E-03,2.98E-03,2.96E-03,2.52E-03,0.004180954
-0.008462974,-0.008352573,-0.008446713,-0.008441043,0.002927763,-0.000372227
-0.000939708,-0.000932688,-0.000921677,-0.000891025,-0.00835986,-0.00749378
6.15E-06,2.72E-06,1.99E-05,1.04E-05,-0.000880992,-0.005333092
-0.003247506,-0.003201263,-0.003230447,-0.003234394,3.01E-05,0.002522488
-0.000825486,-0.000815466,-0.000810747,-0.000824188,-0.003220649,0.002949638
-0.002596784,-0.002570998,-0.00259821,-0.002587981,-0.000810719,-0.008465478
-0.005047138,-0.004978385,-0.005047119,-0.005050773,-0.00259893,-0.000956379
2.68E-05,3.57E-05,4.01E-05,2.53E-05,-0.004960885,0.000123227
0.000719329,0.000697619,0.000727171,0.000718478,5.35E-05,-0.00324683
-0.003298146,-0.003260834,-0.003281754,-0.00329688,0.000713517,-0.000830891
0.001105982,0.001113233,0.00111421,0.001102915,-0.0032467,-0.002606162
-0.001883711,-0.00188489,-0.001846193,-0.001872957,0.00113717,-0.004324143
0.000443715,0.000441644,0.000453988,0.000444411,-0.001858907,2.14E-05
0.002782417,0.002759594,0.002783482,0.002780744,0.000439264,0.000714727
-0.003408315,-0.003365028,-0.003381842,-0.003407819,0.002753978,-0.003195826
-0.001606455,-0.001587609,-0.001601849,-0.001602133,-0.003325813,0.001102091
-0.000735149,-0.000735548,-0.000703818,-0.000732201,-0.001604894,-0.001900229
-0.001815682,-0.00179854,-0.001803268,-0.001812674,-0.000704548,0.000439592
0.00224122,0.002212875,0.002244467,0.002229494,-0.001806129,0.002783119
0.001480864,0.001487101,0.001478967,0.001480439,0.002227778,-0.002989934
-0.000122927,-0.000296986,-0.000166066,-0.000147267,0.001462619,-0.001444869
-0.001881057,-0.001803522,-0.001774992,-0.001886621,-0.000178665,-0.000634904
-0.000111758,-9.14E-05,-5.56E-05,-0.000114936,-0.001831043,-0.00182683
0.002338155,0.002320964,0.002357094,0.002334653,-9.45E-05,0.002236513
-0.00323588,-0.00319942,-0.003217146,-0.003233101,0.002359306,0.001480306
-0.001848725,-0.001798351,-0.001836938,-0.001849268,-0.003244233,-0.000175265
0.001570215,0.001548636,0.001595258,0.001570129,-0.001815247,-0.00190418
0.001338442,0.001299599,0.001350697,0.001334173,0.001600585,-0.000117697
0.000558642,0.000545256,0.000564255,0.000556839,0.001337332,0.002340344
0.001367934,0.001347396,0.001365609,0.001361758,0.000563435,-0.003250201
-0.001367195,-0.001347871,-0.001358484,-0.001361758,0.001373614,-0.001858821
-0.003237102,-0.003202362,-0.003216432,-0.003221098,-0.001357448,0.001557386
0.000159436,0.00017273,0.000167111,0.000167281,-0.003182962,0.001533899
-0.001580673,-0.001564638,-0.001562934,-0.001575842,0.000181256,0.000553658
0.003838112,0.003788183,0.003837247,0.003829636,-0.001534274,0.001360138
0.001486407,0.00146574,0.001467545,0.001492901,0.003834295,-0.001376357
0.000129047,0.000129131,0.000151221,0.000130351,0.001515846,-0.003258976
-0.003264685,-0.003216667,-0.00327669,-0.003260367,0.00016099,0.000154593
-0.001098064,-0.001089886,-0.001087054,-0.001093507,-0.003242363,-0.001587501
-0.002192025,-0.002168553,-0.002180042,-0.002187021,-0.001091585,0.003995134
0.000158512,0.000153918,0.000170554,0.000159733,-0.002175638,0.001512406
0.004826622,0.004763783,0.004846486,0.004824523,0.000175287,0.000111933
0.002947698,0.002890064,0.002946957,0.00293943,0.004815872,-0.003279991
-0.005268098,-0.005222786,-0.005237673,-0.005261493,0.002948015,-0.001104048
-0.001196079,-0.001178773,-0.001192448,-0.001192738,-0.005210056,-0.002086657
0.0010251,0.001013852,0.00105316,0.001033738,-0.001174345,0.000153537
0.002204773,0.00217067,0.002208653,0.002208017,0.00104653,0.004821222
0.000960831,0.000947697,0.000959558,0.000958081,0.002204881,0.002942712
-0.001824757,-0.001804103,-0.001803922,-0.001809414,0.000959363,-0.005281771
0.000550627,0.000552884,0.000573385,0.000553509,-0.001799167,-0.001137647
-0.003003802,-0.002975318,-0.002984218,-0.003010007,0.000558793,0.001013879
-0.007088438,-0.007007728,-0.007124593,-0.007145873,-0.002982748,0.002253305
-0.004374046,-0.004319648,-0.004367877,-0.004364968,-0.007069934,0.001116932
-0.00101942,-0.001012774,-0.001011653,-0.00101863,-0.004383478,-0.001730291
0.001719421,0.001694192,0.001729561,0.001715695,-0.00101879,0.000546624
-0.000983423,-0.000977271,-0.000954944,-0.000981686,0.001740335,-0.002994057
-0.001202308,-0.001192208,-0.001195658,-0.001199148,-0.000953889,-0.007099674
0.000226078,0.000220862,0.000232101,0.000226092,-0.001197441,-0.00438669
-2.52E-03,-2.49E-03,-0.002507131,-2.51E-03,2.40E-04,-0.000981947
-0.004661392,-0.004608713,-0.004645254,-0.004645821,-0.002502055,0.001717846
-0.001121098,-0.001108653,-0.001098748,-0.001107704,-0.004640297,-0.001000055
-0.001646998,-0.001638521,-0.001648161,-0.001646086,-0.0010952,-0.001210202
0.001274085,0.00125698,0.001282668,0.001268569,-0.001632094,0.000228772
2.36E-03,2.31E-03,2.36E-03,2.35E-03,1.28E-03,-0.002525882
-0.001776377,-0.001767386,-0.001743227,-0.001765366,0.002349505,-0.004673028
-0.003137012,-0.003089642,-0.00312045,-0.003123424,-0.001742395,-0.00113671
0.00011976,0.000114249,0.000123603,0.00012507,-0.003076397,-0.00163533
-3.14E-05,-3.47E-05,-2.63E-05,-2.81E-05,0.000119781,0.001268953
-0.001355054,-0.001333746,-0.001344301,-0.001347202,-3.07E-05,0.002349746
-0.005863816,-0.00578852,-0.005828772,-0.005847478,-0.001333015,-0.001773995
-0.005035906,-0.00495642,-0.00500709,-0.005005812,-0.005787415,-0.003140462
0.001632576,0.001595301,0.001633412,0.00162507,-0.00495607,0.000114644
-0.003877323,-0.003833246,-0.003864269,-0.004026386,0.001626102,-3.80E-05
-0.002072553,-0.002051062,-0.002059059,-0.002060223,-0.00382702,-0.001361083
-0.001229398,-0.001216479,-0.00121136,-0.00123656,-0.002057426,-0.005879914
0.000134831,0.000131058,0.000142361,0.000132052,-0.001205874,-0.005029262
5.23E-05,5.92E-05,5.98E-05,4.80E-05,0.000145427,0.001619233
-0.000401593,-0.000409783,-0.000379312,-0.000406577,5.98E-05,-0.0038783
0.000969358,9.50E-04,1.00E-03,0.000956287,-3.87E-04,-0.002077518
-0.000508927,-0.0005071,-0.000473766,-0.000506179,0.00100338,-0.001245586
-0.003531296,-0.003487579,-0.003462032,-0.003505981,-0.000490892,0.000129868
-0.003074188,-0.003040367,-0.003066002,-0.003062615,-0.003511806,0.0002178
0.000946699,0.000909638,0.000934287,0.00093104,-0.003050867,-0.000408453
0.003903495,0.003822071,0.003823312,0.003890745,0.000928905,0.000949325
-0.003803813,-0.003762215,-0.003818955,-0.003784044,0.003873257,-0.000517237
0.000582798,0.000578421,0.000562892,0.000582873,-0.003797982,-0.00353548
-0.006996248,-0.00692341,-0.006994014,-0.007112767,0.000576233,-0.003080125
-0.001175172,-0.00116197,-0.001172119,-0.001167908,-0.006954113,0.000920878
-0.000194197,-0.000174322,-0.000145174,-0.000196529,-0.001166447,0.003880434
0.003010556,0.002981249,0.003014609,0.002964648,-0.000186247,-0.003802275
0.001862205,0.001840065,0.001864509,0.001845943,0.003011826,0.000574038
0.002111849,0.002083258,0.002120433,0.00208888,0.001864784,-0.007003901
0.002675101,0.002650349,0.002709453,0.002641674,0.002109593,-0.001181282
-0.003914304,-0.003883725,-0.003884367,-0.00387468,0.002670237,-0.000212653
-0.003308404,-0.003275994,-0.003295653,-0.003262709,-0.003851295,0.002976029
0.004056966,0.004015108,0.004106103,0.004016863,-0.003268936,0.001855114
-0.003559368,-0.003522053,-0.003546803,-0.003535097,0.004016068,0.002102313
-0.002757095,-0.002732137,-0.002752325,-0.002739954,-0.003524133,0.002658116
-0.000539307,-0.000525153,-0.000510648,-0.000536907,-0.002735182,-0.003926686
-0.001063677,-0.001066266,-0.001060244,-0.001055871,-0.000506223,-0.00325098
-0.003243027,-0.003211658,-0.003233468,-0.003221416,-0.001045933,0.004054334
-0.004088627,-0.004048179,-0.004081919,-0.004085825,-0.003218137,-0.003566664
-0.003223984,-0.003191801,-0.00320617,-0.003241491,-0.004056815,-0.002765508
0.000355227,0.000350546,0.000363372,0.000352676,-0.003171756,-0.000554418
0.003229557,0.003189908,0.003231776,0.003218438,0.000348023,-0.001071346
0.002329169,0.002304516,0.002334689,0.002328747,0.003227511,-0.0032494
0.000732121,0.00072148,0.000736667,0.00073111,0.00232504,-0.004048932
-0.001020844,-0.001009192,-0.001003434,-0.001005139,0.000736142,-0.003243968
-0.003178564,-0.00315698,-0.003167537,-0.003162458,-0.001002069,0.000348472
0.001470498,0.001462957,0.001479004,0.001469043,-0.003136368,0.003221413
0.008290964,0.008205015,0.008272548,0.008278983,0.001466647,0.002391864
0.004930209,0.004887735,0.00482754,0.004927854,0.008166336,0.000726862
-0.006011334,-0.005964465,-0.006056097,-0.006015703,0.004904978,-0.001037198
0.000793668,0.000791855,0.000799451,0.000790893,-0.005982457,-0.002721226
0.001864351,0.001849799,0.001874908,0.00186078,0.00079268,0.00146732
-0.00553957,-0.00551598,-0.005557395,-0.005551376,0.001851286,0.008308596
0.000809068,0.000803737,0.00077212,0.000807307,-0.005509307,0.004935048
0.000584144,0.000575275,0.000592671,0.000581497,0.000804737,-0.006046859
0.003128154,0.003097865,0.003134219,0.003121827,0.000583643,0.00079076
-0.005511932,-0.005464218,-0.005499679,-0.005489229,0.003123419,0.001864336
-0.000212329,-0.000218869,-0.000191699,-0.000204377,-0.005477794,-0.002143218
0.002845721,0.002828048,0.002864258,0.002842542,-0.000204367,-0.003442234
0.002269535,0.002252118,0.002264038,0.002271198,0.002832668,0.000805271
2.71E-03,2.68E-03,2.70E-03,2.71E-03,2.26E-03,0.00057982
0.008621193,0.008534476,0.008634711,0.008601109,0.002685167,0.00312801
-0.001464914,-0.001456842,-0.001459725,-0.001454584,0.00856193,-0.005523893
0.002403745,0.002372481,0.00239528,0.002394072,-0.001453592,-0.000229086
-0.003358634,-0.00332989,-0.003322516,-0.003347721,0.002384619,0.00284414
0.01264146,0.012505216,0.012631794,0.012603595,-0.003345166,0.002266855
-0.001148594,-0.001140809,-0.001119526,-0.001135215,0.012556173,0.002702962
0.001489339,0.001466412,0.00149785,0.001482637,-0.001140411,0.008606014
-0.004672207,-0.004633326,-0.00466905,-0.004667659,0.001483801,-0.00147155
-5.80E-03,-5.74E-03,-5.80E-03,-0.005766021,-4.65E-03,0.002400321
0.005719966,0.005654351,0.005721226,0.005700892,-0.005736285,-0.003367265
0.007219156,0.0071323,0.007004019,0.007194109,0.005678009,0.012650573
-0.006733175,-0.006649079,-0.006626237,-0.006684935,0.007150906,-0.001165256
-0.007594107,-0.007489235,-0.007555676,-0.007544328,-0.006630437,0.001486911
-0.001160704,-0.001140612,-0.001149823,-0.001148892,-0.007515097,-0.004692484
0.000156464,0.000153124,0.000166574,0.000159056,-0.001151937,-0.005807078
0.003748892,0.003702514,0.003671252,0.003743446,0.000157751,0.005719227
0.001247724,0.001221166,0.001248106,0.001244994,0.00373012,0.007205189
0.002472167,0.002439174,0.002473454,0.002465956,0.001243319,-0.006732146
-0.000843703,-0.000826844,-0.000847715,-0.000840148,0.002460303,-0.007589522
0.006752501,0.006580543,0.006694847,0.006741072,-0.000841522,-0.001164338
0.009179532,0.00914961,0.009220297,0.009164975,0.006708731,0.000151125
-0.003839731,-0.003782782,-0.003803799,-0.003754439,0.009164565,0.003733832
-0.004778785,-0.004682846,-0.004755589,-0.00475229,-0.003722832,0.001241167
-0.002914399,-0.002874468,-0.002899933,-0.00290929,-0.004714312,0.002465971
0.001454416,0.001430386,0.0014633,0.001454505,-0.002884794,-0.000849225
-0.002229281,-0.002197802,-0.002208983,-0.002221046,0.001451006,0.006722819
-0.003586972,-0.003530481,-0.00356843,-0.003575521,-0.002216175,0.009158826
0.000691701,0.0006683,0.000692659,0.000693695,-0.003572749,-0.003849542
9.60E-05,2.11E-05,5.54E-05,9.68E-05,0.000693943,-0.004690444
-0.003426035,-0.003387101,-0.003423844,-0.003425195,3.34E-05,-0.002924963
-0.00685457,-0.006766226,-0.006806478,-0.006941784,-0.003406665,0.001449451
-0.004900595,-0.00483753,-0.00489534,-0.004886969,-0.006832656,-0.002244036
-0.002654785,-0.002660222,-0.002638602,-0.002643017,-0.00488202,-0.003594658
0.004511037,0.004430093,0.004512668,0.004494679,-0.00263283,0.000683061
-0.001034499,-0.001020561,-0.001025924,-0.001030001,0.00448996,9.14E-05
-0.00469012,-0.00462499,-0.004662805,-0.004675231,-0.00102903,-0.003439251
-0.001583225,-0.001553402,-0.001575106,-0.001573739,-0.004655401,-0.006874181
-0.003799028,-0.003739004,-0.003892112,-0.003778752,-0.001576527,-0.004908593
-0.000600282,-0.000587341,-0.000588858,-0.000597334,-0.003770908,-0.002656285
9.21E-05,0.000116264,9.43E-05,9.28E-05,-0.000601302,0.0045038
-0.000593816,-0.000588603,-0.000564921,-0.000589509,8.74E-05,-0.001039354
0.00395109,0.003874145,0.003948791,0.003931824,-0.000585565,-0.004706495
0.004682108,0.004596463,0.004677473,0.004662642,0.003925762,-0.001588135
0.004545151,0.004464992,0.004540411,0.004532374,0.004651298,-0.003803095
0.003130935,0.003071221,0.003130882,0.003120629,0.004515776,-0.000605104
0.011536174,0.011347296,0.011505989,0.011513361,0.0031042,8.70E-05
-0.002754099,-0.00272513,-0.002717419,-0.002745058,0.011397116,-0.000608775
0.004394732,0.004295628,0.00440963,0.004378176,-0.002733187,0.003942571
0.000588086,0.000585561,0.000589113,0.000586494,0.004359016,0.004715079
-0.006122277,-0.006007476,-0.006146996,-0.006075336,0.000584254,0.004607297
-0.006300249,-0.006212005,-0.006350874,-0.006267917,-0.006032174,0.003133043
-0.005094237,-0.005027745,-0.00510552,-0.005076002,-0.006258032,0.011521889
0.005535591,0.005455795,0.005535921,0.005523378,-0.005050621,-0.002760828
0.0010645,0.001047092,0.001068507,0.001064555,0.005500948,0.004384735
0.0076616,0.007547021,0.00769159,0.007651772,0.001059929,0.000582033
-0.001404365,-0.00138646,-0.001395039,-0.001398134,0.007595747,-0.006136308
-0.004951467,-0.004883259,-0.004938819,-0.004926366,-0.001387121,-0.006305137
-0.003393403,-0.003346778,-0.003383829,-0.003385536,-0.004886956,-0.005103292
0.005733985,0.005659342,0.005742083,0.00572596,-0.003380659,0.005653678
0.012940002,0.012745205,0.012954976,0.012930037,0.005702315,0.001059176
-0.013141598,-0.012962971,-0.013096865,-0.013119419,0.012836488,0.007647434
0.000965983,0.000949708,0.000975267,0.000964302,-0.013107674,-0.001410078
0.000787866,0.000781017,0.000803503,0.000788375,0.000969256,-0.004910858
0.000447221,0.000441898,0.000455831,0.000448339,0.000783808,-0.003404023
0.001135662,0.00111818,0.001160104,0.00114029,0.00044809,0.005735656
0.002895419,0.002846346,0.00288494,0.002891332,0.001137275,0.013247455
0.000524342,0.000518257,0.000528752,0.000524718,0.002880668,-0.013166269
0.020983869,0.020662111,0.020909645,0.02097003,0.000528739,0.001087207
-0.010430854,-0.010283584,-0.010345636,-0.010388771,0.020887913,0.000784505
-0.002991544,-0.002933236,-0.002933564,-0.002983054,-0.010345094,0.000443132
0.006058147,0.006102112,0.006042509,0.00604186,-0.002940331,0.001123215
0.002880375,0.003036663,0.00287683,0.002868007,0.006019948,0.002892505
0.00610136,0.00603017,0.00607846,0.006092414,0.002837054,0.000520398
0.012094079,0.012171189,0.012063482,0.012065349,0.006068366,0.021004597
-0.004737204,-0.004742453,-0.004678228,-0.004695743,0.011947307,-0.010454644
-0.009819697,-0.009710121,-0.009749358,-0.00977143,-0.004682293,-0.003012101
-0.00643469,-0.006424873,-0.0064121,-0.006405799,-0.009714197,0.006051972
-0.000668528,-0.000636544,-0.000664146,-0.000661214,-0.00638544,0.002876832
-0.007241134,-0.007166669,-0.007199611,-0.007199937,-0.000651722,0.006102562
0.00549491,0.005376696,0.005493583,0.005485478,-0.007204739,0.012084749
-0.008018429,-0.00797143,-0.007984751,-0.007997133,0.005462487,-0.004751723
-0.007930825,-0.007904983,-0.007890708,-0.007914469,-0.00793638,-0.009831814
0.004334257,0.004385898,0.004355221,0.004326555,-0.007891823,-0.006445293
-0.005247541,-0.005172233,-0.005226049,-0.005231942,0.004316692,-0.000672168
2.29E-03,0.00226852,2.33E-03,2.29E-03,-5.21E-03,-0.007254567
0.00067527,0.00067197,0.000680934,0.000674861,0.002283676,0.005486992
0.00176753,0.001723626,0.001725368,0.001768707,0.00067519,-0.00802164
-0.001733937,-0.001768663,-0.001708717,-0.001723173,0.001754129,-0.007932303
-0.002625728,-0.002652382,-0.002618159,-0.002616518,-0.001724629,0.004310229
-0.005506928,-0.005494257,-0.005019873,-0.00549769,-0.002605176,-0.005250169
0.000860343,0.000867352,0.000850819,0.000852994,-0.005459348,0.002286325
0.00067527,0.00067197,0.000680934,0.000674861,0.000863577,0.000671632
0.00176753,0.001723626,0.001725368,0.001768707,0.001754129,0.001764111
-0.001733937,-0.001768663,-0.001708717,-0.001723173,-0.001724629,-0.001747597
-0.002625728,-0.002652382,-0.002618159,-0.002616518,-0.002605176,-0.002632453
-0.005506928,-0.005494257,-0.005019873,-0.00549769,-0.005459348,-0.005513786
0.000860343,0.000867352,0.000850819,0.000852994,0.000863577,0.000855459
