Date,Nifty,Sensex
02-01-2012,0,0
03-01-2012,-0.013044228,-0.011637371
04-01-2012,0.00142863,0.001548187
05-01-2012,-2.75E-05,0.000699475
06-01-2012,-0.000379266,-0.000291585
07-01-2012,0,0.000518417
09-01-2012,0.001033528,0.000934878
10-01-2012,-0.009666631,-0.00951662
11-01-2012,-0.001019747,-0.000289253
12-01-2012,0.00266166,0.003730439
13-01-2012,-0.003112593,-0.003159807
16-01-2012,-0.000704501,-0.000932934
17-01-2012,-0.008243767,-0.007359749
18-01-2012,0.001006619,0.00038472
19-01-2012,-0.005451512,-0.005046213
20-01-2012,-0.002605705,-0.002478846
23-01-2012,0.000202209,-0.000329896
24-01-2012,-0.00692421,-6.28E-03
25-01-2012,-0.002613608,-0.002075311
27-01-2012,-0.003889138,-0.003969429
30-01-2012,0.009908386,0.009443018
31-01-2012,-0.009453368,-0.00842299
01-02-2012,-0.00303407,-0.002695107
02-02-2012,-0.002827596,-0.003282817
03-02-2012,-0.004586572,-0.004291562
06-02-2012,-0.002909514,-0.002517548
07-02-2012,0.002151826,0.002086303
08-02-2012,-0.002678008,-0.002086549
09-02-2012,-0.003561246,-0.003016775
10-02-2012,0.002474459,0.002003307
13-02-2012,-0.000693473,-0.000590527
14-02-2012,-0.002077754,-0.001846596
15-02-2012,-0.009195612,-0.008525466
16-02-2012,0.000785776,0.001156801
17-02-2012,-0.003318037,-0.003226179
21-02-2012,-0.003331645,-0.003294308
22-02-2012,0.007957225,0.006729623
23-02-2012,1.74E-03,0.001600563
24-02-2012,0.004298168,0.003737877
27-02-2012,0.012011193,0.011734872
28-02-2012,-0.007686236,-0.007046524
29-02-2012,-0.000782987,-0.000527756
01-03-2012,0.003680928,0.004146991
02-03-2012,-0.001591204,-0.001302856
03-03-2012,0,-4.68E-06
05-03-2012,0.00644941,0.006802955
06-03-2012,0.004792594,0.00476801
07-03-2012,0.000162168,0.000702843
09-03-2012,-0.009308398,-0.008967787
12-03-2012,-0.002111956,-0.002089861
13-03-2012,-0.005631526,-0.005543875
14-03-2012,-0.002742897,-0.002568857
15-03-2012,0.006680099,0.005940733
16-03-2012,0.005082477,0.005181879
19-03-2012,0.004998067,0.004821353
20-03-2012,-0.001468031,-0.001075016
21-03-2012,-0.007355572,-0.00710277
22-03-2012,0.011192719,0.010115555
23-03-2012,-0.004112883,-0.004153942
26-03-2012,0.007799922,0.007798059
27-03-2012,-0.004906338,-0.00517917
28-03-2012,0.004027623,0.003429505
29-03-2012,0.001331311,0.001601214
30-03-2012,-9.68E-03,-0.008710425
02-04-2012,-0.001829109,-0.001841397
03-04-2012,-0.003303069,-0.002953537
04-04-2012,0.002894928,0.002758029
09-04-2012,0.0072814,0.006603855
10-04-2012,-0.000762648,-0.000546869
11-04-2012,0.001389518,0.001120688
12-04-2012,-0.004134712,-0.003350919
13-04-2012,0.00574964,0.006007559
16-04-2012,-0.001560917,-0.001431524
17-04-2012,-0.005245017,-0.005210002
18-04-2012,-0.000844827,-0.000861082
19-04-2012,-0.00264685,-0.002770844
20-04-2012,0.003397271,0.003234292
23-04-2012,0.007471997,0.006984035
24-04-2012,-0.001837471,-0.002800695
25-04-2012,0.001720574,0.001415688
26-04-2012,0.001086677,0.000522441
27-04-2012,-0.000133892,-9.08E-05
28-04-2012,-0.001536795,-0.001343569
30-04-2012,-0.003251882,-0.003309379
02-05-2012,0.000745407,0.000423999
03-05-2012,0.004227382,0.003799791
04-05-2012,0.008584519,0.008182274
07-05-2012,-0.00232453,-0.002101218
08-05-2012,0.009807801,0.009515458
09-05-2012,0.002190036,0.001751606
10-05-2012,0.000795147,1.57E-03
11-05-2012,0.003230471,0.003373951
14-05-2012,0.001863151,2.06E-03
15-05-2012,-0.003086182,-0.003000191
16-05-2012,0.007493179,0.008003681
17-05-2012,-0.001066937,-0.001092888
18-05-2012,-0.001890822,-0.002217623
21-05-2012,-0.001294351,-0.00081954
22-05-2012,0.004051023,0.004229763
23-05-2012,0.002226088,2.13E-03
24-05-2012,-0.007633805,-0.007403478
25-05-2012,8.83E-05,0.000119953
28-05-2012,-0.005721377,-0.00529709
29-05-2012,-0.000387462,-0.000574734
30-05-2012,0.003438253,0.003353093
31-05-2012,0.002330903,0.002499718
01-06-2012,0.007351187,0.006838213
04-06-2012,-0.000587142,-0.00063173
05-06-2012,-0.001355012,-0.000874857
06-06-2012,-0.01178698,-0.01159955
07-06-2012,-0.004543237,-0.005110046
08-06-2012,-0.00160532,-0.001817463
11-06-2012,0.001222767,0.001323169
12-06-2012,-0.005278216,-0.005045937
13-06-2012,-0.00047089,-0.000455874
14-06-2012,0.005693256,0.005244719
15-06-2012,-0.007183162,-0.007024502
18-06-2012,0.006367706,0.006297289
19-06-2012,-0.003382765,-0.003984361
20-06-2012,-0.001418709,-0.000947676
21-06-2012,-0.003753715,-0.003479833
22-06-2012,0.001596324,0.001533854
25-06-2012,0.002658082,0.002318061
26-06-2012,-0.000521894,-0.000627752
27-06-2012,-0.001785812,-0.001568749
28-06-2012,-0.000611917,-0.000588293
29-06-2012,-0.010807892,-0.011084083
02-07-2012,2.47E-05,0.0007731
03-07-2012,-0.000768587,-0.000666693
04-07-2012,-0.001197432,-0.000923647
05-07-2012,-0.002022382,-0.001882528
06-07-2012,0.000844578,0.000434793
09-07-2012,0.003427763,0.003212837
10-07-2012,-0.005741334,-0.005616206
11-07-2012,0.003184347,0.003196779
12-07-2012,0.005854374,0.006418907
13-07-2012,0.000664154,0.000475317
16-07-2012,0.002499663,0.002794062
17-07-2012,0.00036783,-5.05E-05
18-07-2012,-0.001956783,-0.002019094
19-07-2012,-0.002192446,-0.002365045
20-07-2012,0.003125929,0.003037034
23-07-2012,0.007333039,0.007173544
24-07-2012,-0.000868916,-0.001046817
25-07-2012,1.58E-03,0.001852989
26-07-2012,0.005697935,0.005349461
27-07-2012,-0.004868434,-0.005172573
30-07-2012,-0.008429237,-0.007782854
31-07-2012,-0.002432002,-0.002336969
01-08-2012,-0.000954083,-0.000533841
02-08-2012,0.001057915,0.000831768
03-08-2012,0.001002207,0.000666917
06-08-2012,-0.005531013,-0.005396425
07-08-2012,-0.004429173,-0.004683986
08-08-2012,-0.00010578,3.01E-05
09-08-2012,0.001226183,0.000980458
10-08-2012,0.000208102,7.74E-05
13-08-2012,-0.002238993,-0.001868677
14-08-2012,-0.00262725,-0.002327352
16-08-2012,1.41E-03,0.00174256
17-08-2012,-0.0002712,-0.000832264
21-08-2012,-0.004404459,-0.004740912
22-08-2012,6.53E-04,0.000933441
23-08-2012,-0.000200539,-8.18E-05
24-08-2012,0.002303742,0.001633416
27-08-2012,0.002948713,0.002557129
28-08-2012,0.001272215,0.001158594
29-08-2012,0.00382684,0.003484512
30-08-2012,-0.002232334,-0.001260272
31-08-2012,0.004645476,0.00278377
03-09-2012,0.000392475,0.001126718
04-09-2012,-0.001670722,-0.001408439
05-09-2012,0.003995652,0.003187287
06-09-2012,-0.001054184,-0.000825244
07-09-2012,-0.008513356,-0.008367773
08-09-2012,-0.001347431,-0.001615918
10-09-2012,-0.000384792,-0.000418931
11-09-2012,-0.002144529,-0.002101264
12-09-2012,-0.003291038,-0.00356324
13-09-2012,-0.000347712,-0.000509514
14-09-2012,-0.011223744,-0.0105494
17-09-2012,-0.002511603,-0.001831695
18-09-2012,0.000770957,0.001085786
20-09-2012,0.003566481,0.003459734
21-09-2012,-0.010574609,-0.009448499
24-09-2012,0.001647613,0.001844812
25-09-2012,-0.000329258,-0.000489758
26-09-2012,0.000800607,0.001448325
27-09-2012,0.001071058,0.001229416
28-09-2012,-0.004116204,-0.004262238
01-10-2012,-0.001178692,-0.001413577
03-10-2012,-0.000944445,-0.001054928
04-10-2012,-0.004249155,-0.004315975
05-10-2012,0.003061089,0.00273608
08-10-2012,0.005395032,5.29E-03
09-10-2012,-0.002182811,-1.95E-03
10-10-2012,0.004011519,0.003765936
11-10-2012,-0.00427409,-0.004029067
12-10-2012,0.002441556,0.003002768
15-10-2012,-0.000856107,-0.000891385
16-10-2012,0.003007631,0.003164236
17-10-2012,-0.000940925,-0.000772397
18-10-2012,-0.004461701,-0.004207044
19-10-2012,0.002624144,0.002540812
22-10-2012,-0.002506416,-0.002575708
23-10-2012,0.001960477,0.00193203
25-10-2012,-1.06E-03,-1.13E-03
26-10-2012,0.003132239,0.003096908
29-10-2012,-9.97E-05,-0.000244298
30-10-2012,0.005220773,0.004803142
31-10-2012,-0.001687996,-0.001752643
01-11-2012,-0.001954661,-0.001319742
02-11-2012,-0.004031786,-0.004509739
05-11-2012,-0.000495166,-0.000171781
06-11-2012,-0.001535229,-0.001259886
07-11-2012,-0.00270005,-0.001958024
08-11-2012,0.001612717,0.001292001
09-11-2012,0.003991356,0.003762758
12-11-2012,0.000194803,0.000310194
13-11-2012,0.001281766,0.001198907
15-11-2012,0.002763853,0.003454212
16-11-2012,0.004414667,0.003825707
19-11-2012,0.00020652,-0.000702249
20-11-2012,-1.17E-05,0.000229297
21-11-2012,-0.003358259,-0.003094283
22-11-2012,-0.001000505,-0.001337964
23-11-2012,8.88E-05,0.000252667
26-11-2012,-0.000717237,-0.00071375
27-11-2012,-0.006998028,-0.007089159
29-11-2012,-0.007334623,-0.007513885
30-11-2012,-0.004070317,-0.003811496
03-12-2012,0.000657865,0.000777219
04-12-2012,-0.001351609,-0.000961768
05-12-2012,-0.000828824,-0.000980695
06-12-2012,-0.002231787,-0.002121061
07-12-2012,0.001724223,0.001399623
10-12-2012,-0.000110262,0.000322306
11-12-2012,0.000742969,0.000504853
12-12-2012,0.00079587,0.000714737
13-12-2012,0.002700592,0.002836438
14-12-2012,-0.002080572,-0.001982729
17-12-2012,0.001605828,0.001640474
18-12-2012,-0.002874445,-0.002707068
19-12-2012,-0.002408999,-0.002487871
20-12-2012,0.000967869,0.00049264
21-12-2012,0.005072444,0.004756915
24-12-2012,-0.000597443,-0.000295343
26-12-2012,-0.003681501,-0.003646866
27-12-2012,0.002618528,0.002099885
28-12-2012,-0.002820714,-0.00271184
31-12-2012,0.000238958,0.000405117
01-01-2013,-0.003351747,-0.003431396
02-01-2013,-0.003083391,-0.002949386
03-01-2013,-0.001175945,-0.001111945
04-01-2013,-0.000480316,-0.000423875
07-01-2013,0.002007854,0.002038824
08-01-2013,-0.000963481,-0.001125551
09-01-2013,0.002190846,0.001673523
10-01-2013,0.000207324,6.71E-05
11-01-2013,0.001264269,-1.99E-06
14-01-2013,-0.005276725,-0.00532903
15-01-2013,-2.34E-03,-0.001750757
16-01-2013,0.003943755,0.003691985
17-01-2013,-0.002694275,-0.003196498
18-01-2013,-0.001808427,-0.001628698
21-01-2013,-0.001279998,-0.001358468
22-01-2013,0.002420152,0.002605771
23-01-2013,-0.000416252,-0.000977832
24-01-2013,0.002514341,0.002235703
25-01-2013,-0.003971664,-0.003900585
28-01-2013,-1.07E-05,3.89E-06
29-01-2013,0.001783788,0.002436087
30-01-2013,-0.000419742,-0.000306209
31-01-2013,0.001508654,0.002395049
01-02-2013,0.002587661,0.002491092
04-02-2013,0.00084423,0.000659148
05-02-2013,0.002207083,0.00201373
06-02-2013,-0.000167652,0.000444245
07-02-2013,0.001489261,0.001315507
08-02-2013,0.002589132,0.002124501
11-02-2013,0.000415845,0.000539727
12-02-2013,-0.001811346,-0.002236385
13-02-2013,-0.000765619,-0.001043129
14-02-2013,0.002643243,0.002463269
15-02-2013,0.000703902,0.000647117
18-02-2013,-0.000795951,-0.00073398
19-02-2013,-0.003045016,-0.002988167
20-02-2013,-0.000244874,-0.000155459
21-02-2013,0.006686514,0.007074696
22-02-2013,0.000144733,0.000187688
25-02-2013,-0.000330218,-0.000329918
26-02-2013,0.006984096,0.007170295
27-02-2013,-0.002671549,-0.003123903
28-02-2013,0.007850811,0.006646281
01-03-2013,-0.002028252,-0.001310009
04-03-2013,0.001612698,0.000932097
05-03-2013,-0.006486503,-0.006058795
06-03-2013,-0.002571447,-0.002475757
07-03-2013,-0.003323613,-0.003615121
08-03-2013,-0.006060877,-0.005991632
11-03-2013,0.000244765,0.000817585
12-03-2013,0.002069564,0.001800706
13-03-2013,0.004643721,0.004515524
14-03-2013,-0.004265372,-0.004638038
15-03-2013,0.002679894,0.003182331
18-03-2013,0.002770953,0.003013993
19-03-2013,0.006697625,0.006465558
20-03-2013,0.003913872,0.002840347
21-03-2013,0.002727463,0.002105252
22-03-2013,0.000568303,0.001325504
25-03-2013,0.001346925,0.001257721
26-03-2013,-0.000597011,-0.000536915
28-03-2013,-0.003140975,-0.003036579
01-04-2013,-0.001666705,-0.000667675
02-04-2013,-0.003314344,-0.004037558
03-04-2013,0.005719187,0.00549288
04-04-2013,0.007579732,0.006796353
05-04-2013,0.001678171,0.001397595
08-04-2013,0.000806264,0.000293156
09-04-2013,0.003765361,0.005005825
10-04-2013,-0.004997636,-0.004455949
11-04-2013,-0.002749226,-0.003002509
12-04-2013,0.00511122,0.007075478
15-04-2013,-0.003119183,-0.002734851
16-04-2013,-0.009301692,-0.009063189
17-04-2013,1.91E-05,0.000319149
18-04-2013,-0.007147671,-0.006565001
22-04-2013,-0.003835498,-0.003488587
23-04-2013,-0.000186052,-0.000215849
25-04-2013,-0.005867935,-0.005120938
26-04-2013,0.003304821,0.002696674
29-04-2013,-0.002408338,-0.002263435
30-04-2013,-0.001915636,-0.002605885
02-05-2013,-0.005034859,-0.005126379
03-05-2013,0.004025399,3.54E-03
06-05-2013,-0.001971907,-0.00216875
07-05-2013,-0.005241412,-0.004727136
08-05-2013,-0.001846485,-0.002204849
09-05-2013,0.001372463,0.00111246
10-05-2013,-0.003189754,-0.003116126
11-05-2013,-0.000889802,-0.000857681
13-05-2013,0.009111834,0.009395502
14-05-2013,-0.0010843,-0.000674791
15-05-2013,-0.010827386,-0.010672576
16-05-2013,-0.001632575,-0.000737845
17-05-2013,-0.001223049,-0.000831229
20-05-2013,0.002139074,0.001332363
21-05-2013,0.003029562,0.002419788
22-05-2013,0.001394456,0.001067417
23-05-2013,0.009178404,0.00847947
24-05-2013,-0.001199247,-0.000661721
27-05-2013,-0.007169601,-0.007135972
28-05-2013,-0.002001525,-0.002810548
29-05-2013,0.000494181,0.00028401
30-05-2013,-0.001402859,-0.001458157
31-05-2013,0.009905643,0.009888805
03-06-2013,0.003397822,0.00330531
04-06-2013,0.001453906,0.001435218
05-06-2013,-0.000322697,-0.000498316
06-06-2013,0.000179654,0.001082856
07-06-2013,0.00297322,0.002012877
10-06-2013,0.000221598,-2.65E-04
11-06-2013,0.006641037,0.006710165
12-06-2013,2.15E-03,0.002317281
13-06-2013,0.004631285,0.004907905
14-06-2013,-0.008250239,-0.008016916
17-06-2013,-0.003103061,-0.003337325
18-06-2013,0.002714431,0.002311562
19-06-2013,-0.000645702,-0.00050622
20-06-2013,0.012589127,0.012044339
21-06-2013,-0.000901301,-0.001272993
24-06-2013,0.005971793,0.005431788
25-06-2013,-0.001461952,-0.002062462
26-06-2013,0.001582385,0.001799495
27-06-2013,-0.007217183,-0.007515274
28-06-2013,-0.01204844,-0.011799103
01-07-2013,-0.004190932,-0.004046871
02-07-2013,0.003051348,0.002526713
03-07-2013,6.47E-03,0.0064302
04-07-2013,-0.004942424,-0.00524645
05-07-2013,-0.002296731,-0.001897177
08-07-2013,0.004190725,0.003827173
09-07-2013,-0.003531519,-0.00257031
10-07-2013,0.003146833,0.003259668
11-07-2013,-0.008751375,-0.008513163
12-07-2013,-0.005374163,-0.006189107
15-07-2013,-0.001572722,-0.001650829
16-07-2013,0.005474928,0.003990653
17-07-2013,-0.001314329,-0.002127831
18-07-2013,-0.004682378,-0.003894218
19-07-2013,0.000637015,-0.000462347
22-07-2013,-0.000187242,-0.000199753
23-07-2013,-0.003299472,-0.003070034
24-07-2013,0.006283332,0.004546968
25-07-2013,0.006059342,0.006225053
26-07-2013,0.001568716,0.001242287
29-07-2013,0.004043563,0.003420152
30-07-2013,0.00574235,0.005463434
31-07-2013,0.000985913,5.93E-05
01-08-2013,0.001071552,0.000640497
02-08-2013,0.003803897,0.003457336
05-08-2013,-0.000573286,-0.000413158
06-08-2013,0.011074913,0.010291513
07-08-2013,0.001817849,0.001583058
08-08-2013,-0.003647629,-0.002886323
12-08-2013,-0.003632724,-0.003628471
13-08-2013,-0.006672902,-0.006435674
14-08-2013,-0.00326436,-0.003099912
16-08-2013,0.018103774,0.017605136
19-08-2013,0.007403694,0.006840929
20-08-2013,0.00106805,0.001460895
21-08-2013,0.008025588,0.008172225
22-08-2013,-0.008588047,-0.009761675
23-08-2013,-0.005053427,-0.004869778
26-08-2013,-0.000376845,-0.000906363
27-08-2013,0.015256818,0.01403254
28-08-2013,0.000201282,-0.000677932
29-08-2013,-0.010076004,-0.009662765
30-08-2013,-0.005009219,-0.005130776
02-09-2013,-0.006221453,-0.006169829
03-09-2013,0.0166925,0.015245305
04-09-2013,-0.008585903,-0.007856932
05-09-2013,-0.011395866,-0.009536114
06-09-2013,-0.006737982,-0.00659235
10-09-2013,-0.016233797,-0.016083734
11-09-2013,-0.00120618,-7.82E-06
12-09-2013,0.004611066,0.004707057
13-09-2013,7.42E-06,0.001079729
16-09-2013,0.000746661,-0.000213653
17-09-2013,-0.000716967,-0.001352089
18-09-2013,-0.003640811,-0.003453957
19-09-2013,-0.015623997,-0.014641853
20-09-2013,0.007409326,0.008130424
23-09-2013,0.008929335,0.007844935
24-09-2013,-0.000199045,-0.000419886
25-09-2013,0.001373054,0.001396899
26-09-2013,-0.000620627,-0.000821826
27-09-2013,0.003636611,0.00365185
30-09-2013,0.007350727,0.00771837
01-10-2013,-0.003375456,-0.003067781
03-10-2013,-0.00963384,-0.008481849
04-10-2013,0.000176408,-0.000302778
07-10-2013,8.46E-05,0.000454901
08-10-2013,-0.001633026,-0.001927819
09-10-2013,-0.005752666,-0.005735211
10-10-2013,-0.000974856,-0.000506936
11-10-2013,-0.005394186,-0.005443029
14-10-2013,-0.001173875,-0.00166703
15-10-2013,0.001683542,0.001264626
17-10-2013,0.003092172,0.002801292
18-10-2013,-0.010187674,-0.009830367
21-10-2013,-0.001093244,-0.000228703
22-10-2013,0.000150508,0.000601539
23-10-2013,0.001715271,0.002025599
24-10-2013,0.000985218,0.000888616
25-10-2013,0.001372469,0.000879099
28-10-2013,0.003106676,0.002384247
29-10-2013,-0.008445077,-0.007508482
30-10-2013,-0.002144909,-0.002172565
31-10-2013,-0.003283821,-0.002687173
01-11-2013,-0.000554652,-0.000662084
03-11-2013,-6.98E-04,-8.71E-04
05-11-2013,0.004436092,0.005443805
06-11-2013,0.002647232,0.001656493
07-11-2013,0.00195395,0.001502626
08-11-2013,0.003276247,0.003278925
11-11-2013,0.004403562,0.003697272
12-11-2013,0.004362063,0.004453454
13-11-2013,0.002057972,0.001877897
14-11-2013,-0.004798803,-0.004386865
18-11-2013,-0.009423859,-0.009503653
19-11-2013,-0.001005803,-0.000834014
20-11-2013,0.005669119,0.005348278
21-11-2013,0.008874685,0.008631721
22-11-2013,0.000260696,0.000250399
25-11-2013,-0.008599533,-0.008249216
26-11-2013,0.004013198,0.003811815
27-11-2013,0.000143376,0.000101223
28-11-2013,-0.002484457,-0.002431536
29-11-2013,-0.005965118,-0.005402001
02-12-2013,-0.002925922,-0.002210128
03-12-2013,0.001118983,0.000896404
04-12-2013,0.002873574,0.003055482
05-12-2013,-0.005613457,-0.005192852
06-12-2013,-0.001306254,-0.000801628
09-12-2013,-0.007155951,-0.006770431
10-12-2013,0.002124145,0.001451536
11-12-2013,0.001714402,0.001716639
12-12-2013,0.004905574,0.005071656
13-12-2013,0.004806697,0.00438103
16-12-2013,0.00096564,1.18E-03
17-12-2013,0.001105718,0.000997143
18-12-2013,-0.005490175,-0.005188306
19-12-2013,0.003542046,3.16E-03
20-12-2013,-0.007512519,-0.007713679
23-12-2013,-0.000708911,-4.39E-04
24-12-2013,0.001114029,0.001408421
26-12-2013,-0.000726864,-0.000863901
27-12-2013,-0.002407254,-0.002445189
30-12-2013,0.001564232,0.001037508
31-12-2013,-0.000889616,-0.000567993
01-01-2014,0.000161926,0.000619964
02-01-2014,0.005583605,0.005211124
03-01-2014,0.000698655,0.000769958
06-01-2014,0.001379648,0.001335678
07-01-2014,0.002053057,0.001969589
08-01-2014,-8.70E-04,-0.000757818
09-01-2014,0.00043982,0.00033555
10-01-2014,-0.000218207,-0.000944996
13-01-2014,-0.007070764,-0.007790259
14-01-2014,0.002144651,0.002087274
15-01-2014,-0.005465592,-0.005266514
16-01-2014,0.000137437,0.000496195
17-01-2014,0.003952694,0.004136052
20-01-2014,-0.002923971,-0.00290629
21-01-2014,-0.000678061,-0.000942523
22-01-2014,-0.001726505,-0.001765171
23-01-2014,-0.000458788,-0.000731902
24-01-2014,0.005433745,0.004906235
27-01-2014,0.009167636,0.00884604
28-01-2014,0.000680019,0.000502381
29-01-2014,0.000425553,0.000760973
30-01-2014,0.003315826,0.003146482
31-01-2014,-0.001128298,-0.00033039
03-02-2014,0.006300116,0.006496764
04-02-2014,6.51E-05,-5.74E-05
05-02-2014,-0.001553208,-0.001053734
06-02-2014,-0.001001218,-0.001064227
07-02-2014,-0.001931078,-0.001405121
10-02-2014,0.000698934,0.000902282
11-02-2014,-0.000663119,-0.000621067
12-02-2014,-0.001523127,-0.001811591
13-02-2014,0.005958342,0.005452871
14-02-2014,-0.003406051,-0.003714852
17-02-2014,-0.00178782,-0.002068575
18-02-2014,-0.003830234,-0.003596046
19-02-2014,-0.001814301,-0.001864152
20-02-2014,0.004348585,0.003922608
21-02-2014,-0.004539124,-0.00345669
24-02-2014,-0.002157128,-0.002316051
25-02-2014,-0.000978256,-0.000855374
26-02-2014,-0.002705872,-0.002792651
28-02-2014,-0.002647606,-0.002746226
03-03-2014,0.003857054,0.003581805
04-03-2014,-0.005307593,-0.005420564
05-03-2014,-0.00211187,-1.37E-03
06-03-2014,-0.004946926,-0.004811004
07-03-2014,-0.008432319,-0.008117849
10-03-2014,-0.00070477,-0.000297884
11-03-2014,0.001687371,0.002151765
12-03-2014,-0.000333334,-0.000592546
13-03-2014,0.001588965,0.001624668
14-03-2014,-0.000741796,-0.000701298
18-03-2014,-0.000830509,-0.000453974
19-03-2014,-0.000492885,-4.97E-06
20-03-2014,0.00273456,0.001849292
21-03-2014,-0.000676059,-0.000272796
22-03-2014,-0.000113689,-3.13E-05
24-03-2014,-0.005884371,-0.005951038
25-03-2014,-0.000412099,5.32E-06
26-03-2014,-0.00076711,-0.000788705
27-03-2014,-0.002646476,-0.002334099
28-03-2014,-0.003526435,-0.002448584
31-03-2014,-0.000538003,-0.000899152
01-04-2014,-0.001090165,-0.001165734
02-04-2014,-0.002030682,-0.00202777
03-04-2014,0.001059283,0.00081769
04-04-2014,0.002700111,0.002895464
07-04-2014,-4.54E-05,0.000311855
09-04-2014,-0.006512326,-0.006920391
10-04-2014,-1.28E-05,-0.000248427
11-04-2014,0.001286306,0.001654456
15-04-2014,0.00277756,0.002773055
16-04-2014,0.003744276,0.004030351
17-04-2014,-0.006720471,-0.006801103
21-04-2014,-0.002443443,-0.00260212
22-04-2014,0.000146538,0.000123258
23-04-2014,-0.00161873,-0.002249186
25-04-2014,0.003701083,0.003592786
28-04-2014,0.001378816,0.001082103
29-04-2014,0.002964809,0.003186023
30-04-2014,0.001220798,0.000936437
02-05-2014,0.00010378,0.000269559
05-05-2014,-0.00029506,-0.0007985
06-05-2014,-0.001032752,-0.001223079
07-05-2014,0.004077272,0.003574942
08-05-2014,-0.0004763,-0.000391632
09-05-2014,-0.012783692,-0.012457171
12-05-2014,-0.009733102,-0.010390481
13-05-2014,-0.005812,-0.005865445
14-05-2014,0,0.001022023
15-05-2014,-0.000878849,-0.001646874
16-05-2014,-0.004841325,-0.003908984
19-05-2014,-0.003635516,-0.004323024
20-05-2014,-0.000713915,-0.000246463
21-05-2014,0.001351155,0.001407234
22-05-2014,-0.001404876,-0.001363049
23-05-2014,-0.00538,-0.005646078
26-05-2014,4.75E-04,-4.14E-04
27-05-2014,0.002429349,0.002950821
28-05-2014,-0.000690832,-0.000116388
29-05-2014,0.005605686,0.005731425
30-05-2014,0.000342257,0.000301353
02-06-2014,-0.007890014,-0.008304053
03-06-2014,-0.003135629,-0.003045999
04-06-2014,0.000797188,0.000922728
05-06-2014,-0.004195156,-0.003725037
06-06-2014,-0.00630506,-0.006494385
09-06-2014,-0.004058537,-0.003130921
10-06-2014,-0.000102114,-5.91E-05
11-06-2014,0.00167941,0.001867915
12-06-2014,-0.001310553,-0.00174092
13-06-2014,0.006163472,0.00595044
16-06-2014,0.000492611,0.000649306
17-06-2014,-0.005621615,-0.005664478
18-06-2014,0.00420291,0.004704042
19-06-2014,0.001006717,0.000765318
20-06-2014,0.001687882,0.001662513
23-06-2014,0.001047763,0.001285296
24-06-2014,-0.005004646,-0.005817884
25-06-2014,0.000627815,0.000945321
26-06-2014,0.004385525,0.004328979
27-06-2014,-0.000903212,-0.000645001
30-06-2014,-0.005891156,-0.005396929
01-07-2014,-0.001330283,-0.001749285
02-07-2014,-0.005114944,-0.005494295
03-07-2014,0.000582249,0.000293537
04-07-2014,-0.002066682,-0.002319841
07-07-2014,-0.001987186,-0.002302689
08-07-2014,0.009241226,0.008705476
09-07-2014,0.002181729,0.00233715
10-07-2014,0.000988808,0.001231672
11-07-2014,0.006251236,0.006004735
14-07-2014,0.000317412,0.000301559
15-07-2014,-0.004203593,-0.003832765
16-07-2014,-0.005603951,-0.005492133
17-07-2014,-0.000913265,-0.000194414
18-07-2014,-0.001330891,-0.001363885
21-07-2014,-0.001148831,-0.001244956
22-07-2014,-0.004702171,-0.005214688
23-07-2014,-0.001557073,-0.00202326
24-07-2014,-0.001937137,-2.06E-03
25-07-2014,0.002232495,0.002405266
28-07-2014,2.33E-03,0.002258557
30-07-2014,-0.002386654,-1.60E-03
31-07-2014,0.003925074,0.003215718
01-08-2014,0.006728285,0.007001671
04-08-2014,-0.004605433,-0.004110578
05-08-2014,-0.003540754,-0.003109737
06-08-2014,0.004196904,0.004088219
07-08-2014,0.001292569,0.001292353
08-08-2014,0.004606171,0.00443304
11-08-2014,-0.003281269,-0.003247292
12-08-2014,-0.005719769,-0.006109457
13-08-2014,-0.000701988,-0.000640211
14-08-2014,-0.002916512,-0.003076846
18-08-2014,-0.004576976,-0.004760938
19-08-2014,-0.001280435,-0.000488638
20-08-2014,0.001222528,0.00175217
21-08-2014,-0.00087044,-0.000755562
22-08-2014,-0.001214595,-0.000978198
25-08-2014,0.000378853,-2.87E-04
26-08-2014,8.52E-05,-9.51E-05
27-08-2014,-0.001716256,-0.001922919
28-08-2014,-0.001000301,-0.001272885
01-09-2014,-0.003986438,-0.003724658
02-09-2014,-0.002984131,-0.002447474
03-09-2014,-0.001691851,-0.001933343
04-09-2014,0.000999299,0.000865131
05-09-2014,0.00048843,0.000950731
08-09-2014,-0.004649933,-0.00468529
09-09-2014,0.001114541,0.000867711
10-09-2014,0.003146213,0.003324377
11-09-2014,0.000450942,0.000988894
12-09-2014,-0.001062186,-0.001047155
15-09-2014,0.003415741,0.003941417
16-09-2014,0.005932089,0.005279959
17-09-2014,-0.00232594,-0.002269097
18-09-2014,-0.007517225,-0.007772716
19-09-2014,-0.00035843,0.000349181
22-09-2014,-0.001326825,-0.001860768
23-09-2014,6.92E-03,0.006935835
24-09-2014,0.000821421,0.000503103
25-09-2014,0.004942211,0.004510535
26-09-2014,-0.003117607,-0.002584114
29-09-2014,0.000542604,0.000476698
30-09-2014,-0.000321827,-0.000545034
01-10-2014,0.00105091,0.001020785
07-10-2014,0.005121551,0.00486606
08-10-2014,0.000536812,0.000416443
09-10-2014,-0.006477472,-0.006413679
10-10-2014,0.005523291,0.005577394
13-10-2014,-0.001340603,-0.001429309
14-10-2014,0.001116882,0.000572214
16-10-2014,0.006442682,0.005807253
17-10-2014,-0.001762028,-0.001820097
20-10-2014,-0.005530298,-0.005312278
21-10-2014,-0.002656798,-0.002389197
22-10-2014,-0.003717408,-0.003443911
23-10-2014,-0.001011789,-0.001033467
27-10-2014,0.00123997,0.001590407
28-10-2014,-0.001946552,-0.002071647
29-10-2014,-0.003386954,-0.00349745
30-10-2014,-0.00420685,-0.003959087
31-10-2014,-0.00805862,-0.008172933
03-11-2014,-0.000101749,8.49E-05
05-11-2014,-0.000737619,-0.000864287
07-11-2014,6.77E-05,0.000735703
10-11-2014,-0.000377506,-9.50E-05
11-11-2014,-0.000956613,-0.000550101
12-11-2014,-0.001071087,-0.001535283
13-11-2014,0.001320435,0.001059703
14-11-2014,-0.001662212,-0.0016448
17-11-2014,-0.002109427,-0.002027166
18-11-2014,0.000249911,0.000224928
19-11-2014,0.0022531,0.002016134
20-11-2014,-0.001014308,-0.000537407
21-11-2014,-0.003882606,-0.004112886
24-11-2014,-0.002696554,-2.52E-03
25-11-2014,0.003427196,0.002467888
26-11-2014,-0.000648666,-0.000737143
27-11-2014,-0.000944344,-0.000805841
28-11-2014,-0.004782196,-0.003877996
01-12-2014,0.001638978,0.002038518
02-12-2014,0.001586596,0.001761602
03-12-2014,-0.000659243,1.98E-05
04-12-2014,-0.001358596,-0.00183011
05-12-2014,0.001325533,0.001595182
08-12-2014,0.005119022,0.005199851
09-12-2014,0.005049887,0.005007966
10-12-2014,-0.000777739,-0.000532288
11-12-2014,0.003273812,0.003589663
12-12-2014,0.003618046,0.003972581
15-12-2014,0.000237699,0.000494428
16-12-2014,0.008106326,0.008639776
17-12-2014,0.002039629,0.001157923
18-12-2014,-0.006948173,-0.006718881
19-12-2014,-0.003493565,-0.00390911
22-12-2014,-0.005185605,-0.00520384
23-12-2014,0.002984134,0.003073131
24-12-2014,4.91E-03,4.73E-03
26-12-2014,-0.001410978,-0.000529126
29-12-2014,-2.41E-03,-0.002447396
30-12-2014,-0.000102685,-0.000123791
31-12-2014,-0.001810116,-0.001516865
01-01-2015,-6.82E-05,-0.000128219
02-01-2015,-0.005803889,-0.005964059
05-01-2015,0.000882889,0.000710392
06-01-2015,0.013212128,0.013543409
07-01-2015,0.001351364,0.001267358
08-01-2015,-0.007044909,-0.005865488
09-01-2015,-0.002623794,-0.002914769
12-01-2015,-0.002013592,-0.002002328
13-01-2015,0.001233198,0.002519043
14-01-2015,0.001144884,0.001251364
15-01-2015,-0.011218113,-0.011421441
16-01-2015,-0.001003518,-0.000716232
19-01-2015,-0.001878226,-0.002158541
20-01-2015,-0.007297884,-0.007958209
21-01-2015,-0.001689815,-0.001569149
22-01-2015,-0.001584139,-0.001757738
23-01-2015,-0.003662538,-0.004065724
27-01-2015,-0.003666028,-0.004312732
28-01-2015,-0.000185171,0.000174217
29-01-2015,-0.001849807,-0.001797413
30-01-2015,0.007015373,0.007360604
02-02-2015,0.000567341,0.000903967
03-02-2015,0.002021307,0.00182513
04-02-2015,0.00163231,0.00175614
05-02-2015,0.000597811,0.000483535
06-02-2015,0.002532366,0.002007589
09-02-2015,0.00680739,0.007482106
10-02-2015,-0.001992098,-0.001968424
11-02-2015,-0.00312468,-0.002723053
12-02-2015,-0.0042155,-0.004107187
13-02-2015,-0.004658588,-0.004347929
16-02-2015,-0.000189844,-0.000610823
18-02-2015,-0.002935687,-0.002739677
19-02-2015,-0.001281048,-0.002098388
20-02-2015,0.00302287,0.003416441
23-02-2015,0.00388406,0.003824671
24-02-2015,-0.000354535,-0.000442686
25-02-2015,-0.000255185,-4.99E-05
26-02-2015,0.004151078,0.003930396
27-02-2015,-0.007965883,-0.007094754
28-02-2015,-0.002802075,-0.002096244
02-03-2015,-0.00267018,-0.001441826
03-03-2015,-0.001911063,-0.001979643
04-03-2015,0.003567658,0.003137125
05-03-2015,-0.000734345,-0.001007233
09-03-2015,0.008885252,0.009002584
10-03-2015,0.002222592,0.002036005
11-03-2015,0.000603603,0.000767617
12-03-2015,-0.003779858,-0.00409098
13-03-2015,0.006393489,0.006459445
16-03-2015,0.000733839,0.001000523
17-03-2015,-0.004511522,-0.004537437
18-03-2015,0.001865983,0.00173026
19-03-2015,0.002570087,0.002319365
20-03-2015,0.00321831,0.003193679
23-03-2015,0.001014601,0.00106256
24-03-2015,0.000403963,0.000467019
25-03-2015,0.000618104,0.000770058
26-03-2015,0.009711766,0.01022686
27-03-2015,3.90E-05,-1.68E-05
30-03-2015,-0.00778638,-0.008104423
31-03-2015,6.65E-05,0.000285268
01-04-2015,-0.004844689,-0.004676131
06-04-2015,-0.003709348,-0.003738509
07-04-2015,-2.01E-05,-0.000184774
08-04-2015,-0.002704554,-0.002901564
09-04-2015,-0.003172928,-0.002676374
10-04-2015,-0.000101409,8.77E-05
13-04-2015,-0.002645567,-0.002475142
15-04-2015,0.004139415,0.003675194
16-04-2015,0.002164399,0.00202011
17-04-2015,5.05E-03,0.003406044
20-04-2015,0.008042296,0.008572165
21-04-2015,0.003631649,0.003285544
22-04-2015,-0.002684723,-0.003346589
23-04-2015,0.001620735,0.002422055
24-04-2015,0.004838674,0.004676981
27-04-2015,0.004808586,0.004150147
28-04-2015,-0.003779839,-0.003491827
29-04-2015,0.002409928,0.002710458
30-04-2015,0.0030811,0.003437076
04-05-2015,-0.00791372,-0.007638414
05-05-2015,0.000372847,0.000797738
06-05-2015,0.012049669,0.011592618
07-05-2015,0.002134605,0.001926599
08-05-2015,-0.007173901,-0.008188555
11-05-2015,-0.007033848,-0.006392304
12-05-2015,0.010469696,0.010059417
13-05-2015,-0.005759747,-0.00599549
14-05-2015,0.000593672,0.000718386
15-05-2015,-0.002009925,-0.001878625
18-05-2015,-0.005811216,-0.00573633
19-05-2015,0.000415114,0.000655686
20-05-2015,-0.00298,-0.003000785
21-05-2015,0.000116023,0.000434868
22-05-2015,-0.001952791,-0.002307496
25-05-2015,0.004578028,0.004899335
26-05-2015,0.001606228,0.001770545
27-05-2015,0.00024744,-0.000524186
28-05-2015,0.000813637,0.000913991
29-05-2015,-0.005944449,-0.005050213
01-06-2015,1.29E-05,-0.000320588
02-06-2015,0.010262633,0.010426118
03-06-2015,0.005377171,0.005646129
04-06-2015,0.000237629,0.000384992
05-06-2015,0.000852798,0.000728337
08-06-2015,0.003792308,0.003999755
09-06-2015,0.001175848,0.000685638
10-06-2015,-0.005489658,-0.005852121
11-06-2015,0.008589107,0.007664332
12-06-2015,-0.000955825,-0.000893657
15-06-2015,-1.68E-03,-0.002642058
16-06-2015,-0.001806273,-0.001629797
17-06-2015,-0.00238153,-0.002371946
18-06-2015,-0.004434789,-0.004559175
19-06-2015,-0.002666756,-0.003196904
22-06-2015,-0.006714414,-0.006533352
23-06-2015,-0.001476659,-0.001159901
24-06-2015,0.001073908,0.001168358
25-06-2015,-0.001925438,-0.002596766
26-06-2015,0.000874848,0.001311745
29-06-2015,0.003261222,0.002610772
30-06-2015,-0.00260782,-0.002126266
01-07-2015,-0.004365817,-0.003736398
02-07-2015,0.000418927,0.001165069
03-07-2015,-0.002052217,-0.002278326
06-07-2015,-0.001902446,-0.001789123
07-07-2015,0.000578789,0.000571095
08-07-2015,0.007605692,0.007525706
09-07-2015,0.001795296,0.001792778
10-07-2015,-0.001665451,-0.001379741
13-07-2015,-0.005117547,-0.004681494
14-07-2015,0.000285015,0.000439624
15-07-2015,-0.00356587,-0.004106746
16-07-2015,-0.00427153,-0.003800265
17-07-2015,-9.08E-05,-0.000262365
20-07-2015,0.000322946,0.000659495
21-07-2015,0.003751611,0.003651939
22-07-2015,-0.005265866,-0.004946011
23-07-2015,0.002203841,0.002047784
24-07-2015,0.003464456,0.003975661
27-07-2015,0.008260373,0.008595574
28-07-2015,0.001248422,0.001612604
29-07-2015,-0.001977607,-0.001644906
30-07-2015,-0.002417515,-0.002230381
31-07-2015,-0.005689188,-0.00636765
03-08-2015,-0.000518837,-0.001118489
04-08-2015,0.0013314,0.001777508
05-08-2015,-0.002595375,-0.002332135
06-08-2015,-0.001047982,-0.001153331
07-08-2015,0.00121782,0.000948566
10-08-2015,0.001982132,0.002076269
11-08-2015,0.003233969,0.003656867
12-08-2015,0.005833115,0.005549768
13-08-2015,-0.000332767,-0.000587927
14-08-2015,-0.008375042,-0.008086597
17-08-2015,0.002108124,0.002934971
18-08-2015,0.000551075,0.000728582
19-08-2015,-0.001464574,-0.001559198
20-08-2015,0.006302928,0.005064321
21-08-2015,0.003792648,0.003819681
24-08-2015,0.026480053,0.026577571
25-08-2015,-0.003969372,-0.004879012
26-08-2015,0.004924212,0.005333089
27-08-2015,-0.008669182,-0.008637207
28-08-2015,-0.002886068,-0.002660562
31-08-2015,0.001666679,0.001802133
01-09-2015,0.010223122,0.009803462
02-09-2015,0.003857532,0.004124428
03-09-2015,-0.00592483,-0.005277906
04-09-2015,0.009425299,0.009593154
07-09-2015,0.005495177,0.005341913
08-09-2015,-0.007374643,-0.007335795
09-09-2015,-0.007301498,-0.006836707
10-09-2015,0.001697476,0.001647964
11-09-2015,-6.69E-05,0.000202769
14-09-2015,-0.004600447,-0.004159957
15-09-2015,0.002387037,0.002539776
16-09-2015,-0.003868521,-0.004337778
18-09-2015,-0.004525922,-0.004243534
21-09-2015,0.000261246,0.000429721
22-09-2015,0.009082802,0.009066389
23-09-2015,-0.001883302,-0.002888005
24-09-2015,-0.001246413,-0.000680769
28-09-2015,0.004036831,0.00416174
29-09-2015,-0.002643709,-0.002734783
30-09-2015,-0.005808207,-0.006291563
01-10-2015,-0.000109258,-0.001096521
05-10-2015,-0.009102297,-0.009252146
06-10-2015,-0.001793527,-0.002382228
07-10-2015,-0.001303126,-0.001657232
08-10-2015,0.00255942,0.003063516
09-10-2015,-0.003212171,-0.003764289
12-10-2015,0.00245156,0.002822172
13-10-2015,0.000635086,0.00093047
14-10-2015,0.001272964,0.001083101
15-10-2015,-0.003818373,-0.003721776
16-10-2015,-0.003102939,-0.00327512
19-10-2015,-0.001940931,-0.002392227
20-10-2015,0.000703834,0.000922896
21-10-2015,0.000523362,0.000304991
23-10-2015,-0.00229652,-0.00290517
26-10-2015,0.001830986,0.001724261
27-10-2015,0.001456124,0.001725876
28-10-2015,0.003267,0.003418495
29-10-2015,0.003171283,0.003250419
30-10-2015,0.002467108,0.002943912
02-11-2015,0.000808411,0.001594331
03-11-2015,-0.00053372,-0.000513802
04-11-2015,0.001105906,0.000615687
05-11-2015,0.004602101,0.004087189
06-11-2015,6.28E-05,0.000643724
09-11-2015,0.002140074,0.002384924
10-11-2015,0.007295333,0.006332907
11-11-2015,-0.002317786,-0.002081681
13-11-2015,0.00349672,0.004326657
16-11-2015,-0.002474301,-0.002528978
17-11-2015,-0.001718397,-0.001756039
18-11-2015,0.005899713,0.00646121
19-11-2015,-0.00618776,-0.006082404
20-11-2015,-0.000763507,-0.000446301
23-11-2015,0.000403717,0.000825942
24-11-2015,0.000977664,0.000733994
26-11-2015,-0.002885101,-0.003070626
27-11-2015,-0.003232561,-0.002827723
30-11-2015,0.000407546,-0.000290284
01-12-2015,-0.001074111,-0.000394156
02-12-2015,0.001287609,0.000856508
03-12-2015,0.003695327,0.003862075
04-12-2015,4.57E-03,0.004189342
07-12-2015,0.000921814,0.001833321
08-12-2015,0.003577234,0.003754878
09-12-2015,0.005059292,0.004731997
10-12-2015,-0.004020485,-0.003735474
11-12-2015,0.004137454,0.003590132
14-12-2015,-0.002253937,-0.001832881
15-12-2015,-0.00287721,-2.93E-03
16-12-2015,-0.00281065,-0.002973036
17-12-2015,-0.005204829,-0.005239046
18-12-2015,0.004586122,0.004815935
21-12-2015,-4.04E-03,-0.003671964
22-12-2015,0.002688536,0.002458043
23-12-2015,-0.004431204,-0.004384271
24-12-2015,0.000270623,0.00019476
28-12-2015,-0.003526932,-3.27E-03
29-12-2015,-0.000208188,-0.000755859
30-12-2015,0.001794789,0.001993738
31-12-2015,-0.0027468,-0.002627079
01-01-2016,-0.000919934,-0.000720412
04-01-2016,0.009477696,0.009016772
05-01-2016,0.000370836,0.000729596
06-01-2016,0.002442024,0.002964378
07-01-2016,0.009798729,0.009583561
08-01-2016,-0.001892391,-0.001439329
11-01-2016,0.002147822,0.001907746
12-01-2016,3.09E-03,0.002509081
13-01-2016,-0.00300236,-0.00301734
14-01-2016,0.001472654,0.001420139
15-01-2016,0.005742495,0.005609699
18-01-2016,0.005098073,0.004761774
19-01-2016,-0.004940391,-0.005201972
20-01-2016,0.007411027,0.007476131
21-01-2016,0.001935349,1.81E-03
22-01-2016,-0.008606842,-0.008497204
25-01-2016,-0.000800861,-0.000892885
27-01-2016,-9.34E-05,-0.000114208
28-01-2016,0.000765591,0.000404829
29-01-2016,-0.008049696,-0.007061497
01-02-2016,0.000436607,0.000801551
02-02-2016,0.005809388,0.005029423
03-02-2016,0.005495672,0.005623194
04-02-2016,-0.002482395,-0.002058893
05-02-2016,-0.00496322,-0.004942037
08-02-2016,0.005946833,0.005853213
09-02-2016,0.005267036,0.004790661
10-02-2016,0.004937292,0.004764392
11-02-2016,0.014650208,0.015009011
12-02-2016,-0.000286267,-0.000648351
15-02-2016,-0.011177392,-0.010601214
16-02-2016,0.00701062,0.006729243
17-02-2016,-0.003693613,-0.003541601
18-02-2016,-0.005059669,-0.00493758
19-02-2016,-0.001145857,-0.001099163
22-02-2016,-0.001431084,-0.001456368
23-02-2016,0.00756941,0.0069676
24-02-2016,0.005585433,0.006000946
25-02-2016,0.002986518,0.002129385
26-02-2016,-3.67E-03,-3.36E-03
29-02-2016,0.002646029,0.002866057
01-03-2016,-0.014381673,-0.01443438
02-03-2016,-0.008724192,-0.008386024
03-03-2016,-0.006246339,-0.00647249
04-03-2016,-0.000566057,-0.00069641
08-03-2016,2.90E-06,-0.000224609
09-03-2016,-2.69E-03,-2.37E-03
10-03-2016,0.002640254,0.002998934
11-03-2016,-0.001392978,-0.00166619
14-03-2016,-0.001647839,-0.001513473
15-03-2016,0.004525586,0.004454432
16-03-2016,-0.002215119,-0.0023166
17-03-2016,-0.000798501,8.99E-05
18-03-2016,-0.005274722,-0.004819369
21-03-2016,-0.005668269,-0.005751072
22-03-2016,-0.000599934,-7.74E-04
23-03-2016,-9.01E-05,-0.000121199
28-03-2016,0.00574475,0.006408866
29-03-2016,0.001033484,0.001148554
30-03-2016,-0.007829421,-0.007574903
31-03-2016,-0.000179628,-5.62E-05
01-04-2016,0.001425028,0.001239432
04-04-2016,-0.00256841,-0.002228677
05-04-2016,0.008798142,0.008914695
06-04-2016,-0.000636421,-0.000297298
07-04-2016,0.003890137,0.003769814
08-04-2016,-5.03E-04,0.000203777
11-04-2016,-0.006628663,-0.006088053
12-04-2016,-0.002120601,-0.002137033
13-04-2016,-0.007899323,-0.008231702
18-04-2016,-0.003539906,-0.003201476
20-04-2016,-2.74E-06,-0.000467749
21-04-2016,0.000148178,-0.000607892
22-04-2016,0.000700415,0.000709402
25-04-2016,0.002439654,0.002684324
26-04-2016,-0.005908673,-0.005518344
27-04-2016,-0.000939822,-0.000947799
28-04-2016,0.00727996,0.007750514
29-04-2016,-0.000141103,-5.97E-05
02-05-2016,2.44E-03,0.002886879
03-05-2016,0.003289427,0.003553291
04-05-2016,0.002273556,0.002208433
05-05-2016,-0.00162839,-0.002767687
06-05-2016,0.000115108,0.000579911
09-05-2016,-0.007383421,-0.007853402
10-05-2016,-0.001199188,-0.001412222
11-05-2016,0.002149861,0.002967646
12-05-2016,-0.002843051,-0.003265639
13-05-2016,0.004725655,0.005092538
16-05-2016,-0.002540559,-0.002779546
17-05-2016,-0.0016543,-0.002033198
18-05-2016,0.001135274,0.001164234
19-05-2016,0.00481366,0.00518209
20-05-2016,0.001884459,0.001675794
23-05-2016,0.001046409,1.23E-03
24-05-2016,-0.000998772,-0.001290961
25-05-2016,-0.010304204,-0.009769498
26-05-2016,-0.007313241,-0.008071543
27-05-2016,-0.004657128,-0.004700427
30-05-2016,-0.001161831,-0.001171588
31-05-2016,0.000978177,0.000937669
01-06-2016,-0.001055168,-0.000747989
02-06-2016,-0.002065689,-0.002095533
03-06-2016,-9.77E-05,1.78E-06
06-06-2016,0.001044623,0.00106232
07-06-2016,-0.003449584,-0.003750061
08-06-2016,-0.000346606,-0.000176675
09-06-2016,0.003661173,0.004153694
10-06-2016,0.001779762,0.002077329
13-06-2016,0.003171731,0.003914142
14-06-2016,9.37E-05,1.74E-05
15-06-2016,-0.005203999,-0.005406141
16-06-2016,0.003498848,0.003276565
17-06-2016,-1.57E-03,-0.001641536
20-06-2016,-0.003615458,-0.003913422
21-06-2016,0.000981612,0.000876037
22-06-2016,0.000856764,0.00076405
23-06-2016,-0.00351937,-0.003821677
24-06-2016,0.009655781,0.009833218
27-06-2016,-0.000327399,-8.64E-05
28-06-2016,-0.001774922,-0.001995407
29-06-2016,-0.004049972,-0.003519712
30-06-2016,-0.00441099,-0.004191523
01-07-2016,-0.002122326,-0.002329146
04-07-2016,-0.002202809,-0.002136219
05-07-2016,0.001806676,0.00178502
07-07-2016,-0.000101581,-0.000553089
08-07-2016,0.000766352,0.001192527
11-07-2016,-0.00748539,-0.007928688
12-07-2016,-0.002717393,-0.002843087
13-07-2016,7.90E-05,-0.000109934
14-07-2016,-0.00231326,-0.001977323
15-07-2016,0.001198307,0.001644569
18-07-2016,0.001665849,0.001403916
19-07-2016,-0.001011988,-0.000640639
20-07-2016,-0.001895265,-0.002000127
21-07-2016,0.002835802,0.003206803
22-07-2016,-0.001584228,-0.001450733
25-07-2016,-0.004776141,-0.004538884
26-07-2016,0.002269007,0.001840601
27-07-2016,-0.001269584,-0.000741547
28-07-2016,-0.00253811,-0.002846602
29-07-2016,0.001395381,0.002420178
01-08-2016,9.80E-05,0.000755241
02-08-2016,0.000686942,0.00033217
03-08-2016,0.003948906,0.004433523
04-08-2016,-0.000317542,-0.000264283
05-08-2016,-0.006655318,-0.005666573
08-08-2016,-0.001408159,-0.001609011
09-08-2016,0.001653306,0.001503692
10-08-2016,0.005182835,4.82E-03
11-08-2016,-0.000852528,-0.001322685
12-08-2016,-0.004024931,-0.004540548
16-08-2016,0.00148488,0.001356413
17-08-2016,0.000930635,0.000917697
18-08-2016,-0.002470599,-0.001827127
19-08-2016,0.000318079,0.00071774
22-08-2016,0.001895767,0.001417011
23-08-2016,-0.0001736,-7.25E-05
24-08-2016,-0.000889552,-0.001080581
25-08-2016,0.002926792,0.003481314
26-08-2016,0.000994351,0.000838009
29-08-2016,-0.001764482,-0.001878192
30-08-2016,-0.006853024,-0.006800363
31-08-2016,-0.002073553,-0.001669425
01-09-2016,0.000571282,0.000438146
02-09-2016,-0.001728852,-0.00165664
06-09-2016,-0.006524576,-0.006734818
07-09-2016,0.001218198,0.000774921
08-09-2016,-0.001679297,-0.001781781
09-09-2016,0.004182315,0.003724551
12-09-2016,0.007464724,0.006743727
14-09-2016,-0.00054778,-0.000286183
15-09-2016,-0.000793055,-0.000621938
16-09-2016,-0.001848971,-0.002835893
19-09-2016,-0.001409932,-0.000538301
20-09-2016,0.001605362,0.001691357
21-09-2016,-6.19E-05,0.000240333
22-09-2016,-0.004445228,-0.004029194
23-09-2016,0.001761816,0.001586379
26-09-2016,0.00536857,5.70E-03
27-09-2016,0.000829746,0.0010847
28-09-2016,-0.001928647,-0.001062136
29-09-2016,0.007710906,0.007201423
30-09-2016,-0.001004797,-0.00059935
03-10-2016,-6.36E-03,-0.005841276
04-10-2016,-0.001540488,-0.001401034
05-10-2016,0.001249833,0.001744229
06-10-2016,0.001711949,0.001769804
07-10-2016,0.000596286,0.000696976
10-10-2016,-0.000558886,-0.000327983
13-10-2016,0.006807763,0.006846391
14-10-2016,-0.000508798,-0.000478757
17-10-2016,0.003199368,0.002259921
18-10-2016,-0.007954658,-0.008140752
19-10-2016,0.000941886,0.001030956
20-10-2016,-0.002016545,-0.002251728
21-10-2016,0.000317123,0.000813776
24-10-2016,-0.00079362,-0.001573324
25-10-2016,0.000881056,0.001353117
26-10-2016,0.003816856,0.003958908
27-10-2016,0,-0.001236849
28-10-2016,-0.001145315,-0.000398238
30-10-2016,0.00061885,0.000175671
01-11-2016,-2.77E-05,0.000834242
02-11-2016,0.005688395,0.005477605
03-11-2016,0.001484358,0.001532113
04-11-2016,0.002628564,0.002479016
07-11-2016,-0.003247451,-0.002933334
08-11-2016,-0.002370192,-0.002085086
09-11-2016,0.005707768,0.005362818
10-11-2016,-0.004801996,-4.20E-03
11-11-2016,0.011848146,0.011172151
15-11-2016,0.009946605,0.008407468
16-11-2016,-0.000168684,9.81E-05
17-11-2016,0.001697853,0.001175233
18-11-2016,0.000314549,0.001283204
21-11-2016,0.007870229,0.006443172
22-11-2016,-0.003990934,-0.00328523
23-11-2016,-0.001679157,-0.001520165
24-11-2016,0.003680944,0.003206527
25-11-2016,-0.008038018,-0.007594113
28-11-2016,-0.000673856,-0.000557933
29-11-2016,-0.000814183,-0.000721955
30-11-2016,-0.004370406,-0.004237626
01-12-2016,0.001671851,0.001516241
02-12-2016,0.005660952,0.005417544
05-12-2016,-0.002247065,-0.001956568
06-12-2016,-0.000768668,-0.000719023
07-12-2016,0.002197516,0.002572785
08-12-2016,-0.007693176,-0.007506188
09-12-2016,-0.000783954,-0.000859789
12-12-2016,0.004807469,0.003782438
13-12-2016,-0.002702328,-0.002980238
14-12-2016,0.002083548,0.001547798
15-12-2016,0.001533958,0.001369713
16-12-2016,0.000754342,0.000483545
19-12-2016,0.001876871,0.001887216
20-12-2016,0.001177849,0.001100025
21-12-2016,0.001135256,0.001084283
22-12-2016,0.004451176,0.00437076
23-12-2016,-0.000361802,-0.001020194
26-12-2016,0.00423532,0.00391345
27-12-2016,-0.006789267,-0.006784813
28-12-2016,-0.000108116,4.57E-05
29-12-2016,-0.003700222,-0.00256843
30-12-2016,-0.004383134,-0.004266712
02-01-2017,0.000334373,0.000506088
03-01-2017,-0.00067644,-0.000779694
04-01-2017,9.28E-05,0.000164828
05-01-2017,-0.004394604,-0.003978619
06-01-2017,0.001577572,0.001927215
09-01-2017,0.000408472,0.000530711
10-01-2017,-0.002762207,-0.002802275
11-01-2017,-0.004796522,-0.003871228
12-01-2017,-1.37E-03,-0.001704838
13-01-2017,0.000353998,0.00014507
16-01-2017,-0.000643183,-0.00079824
17-01-2017,0.000764694,0.000836508
18-01-2017,-0.000981457,-0.000350347
19-01-2017,-0.000932908,-0.000811185
20-01-2017,0.004437569,0.004381094
23-01-2017,-0.002186932,-0.001328745
24-01-2017,-0.004341101,-4.12E-03
25-01-2017,-6.46E-03,-0.005244044
27-01-2017,-0.001939268,-0.002723715
30-01-2017,0.000427406,0.00051275
31-01-2017,0.003609449,0.0030296
01-02-2017,-0.007797436,-0.007560665
02-02-2017,-0.000888467,-0.00130932
03-02-2017,-0.000333017,-2.14E-04
06-02-2017,-0.002975852,-0.003045908
07-02-2017,0.001619088,0.001592928
08-02-2017,-3.71E-05,0.00069395
09-02-2017,-0.00046282,-0.000610256
10-02-2017,-0.000748871,-6.97E-05
13-02-2017,-5.68E-04,-0.000266158
14-02-2017,0.000629328,0.000188607
15-02-2017,0.003351996,0.002825102
16-02-2017,-0.002645074,-0.002241755
17-02-2017,-0.002156708,-0.002562474
20-02-2017,-0.002821554,-0.002931729
21-02-2017,-0.001399057,-0.001512763
22-02-2017,-0.000927774,-0.001554307
23-02-2017,-0.000612559,-0.000424988
27-02-2017,0.002084282,0.001205516
28-02-2017,0.000835544,0.001049741
01-03-2017,-0.003225782,-0.003628733
02-03-2017,0.002241377,0.002173569
03-03-2017,0.00010737,0.000110546
06-03-2017,-0.003204763,-0.003237529
07-03-2017,0.000802617,0.000727668
08-03-2017,0.001098422,0.001464413
09-03-2017,-0.000131374,-0.000408378
10-03-2017,-0.000367149,-0.000256635
14-03-2017,-0.007347844,-0.007384593
15-03-2017,0.000105157,0.000657191
16-03-2017,-0.003281304,-0.00276464
17-03-2017,-0.000301169,-0.000925853
20-03-2017,0.001576931,0.001912088
21-03-2017,0.00025465,4.90E-04
22-03-2017,0.00435687,0.004705874
23-03-2017,-0.002677679,-0.002442159
24-03-2017,-0.00103595,-0.001319289
27-03-2017,0.003004848,0.002728299
28-03-2017,-0.002661396,-0.0025529
29-03-2017,-0.002047148,-0.001796541
30-03-2017,-1.42E-03,-0.001702429
31-03-2017,0,0.000394521
03-04-2017,-0.003024005,-0.004227222
05-04-2017,-0.001281549,-0.000928573
06-04-2017,0.000150023,0.000680063
07-04-2017,0.002994862,0.003215023
10-04-2017,0.000796296,0.001917475
11-04-2017,-0.00261967,-0.003110828
12-04-2017,0.001580286,0.002117262
13-04-2017,0.002491594,0.002675069
17-04-2017,0.00054613,0.00070505
18-04-2017,0.001625829,0.001398433
19-04-2017,7.87E-05,-0.0002587
20-04-2017,-0.001566709,-0.001268613
21-04-2017,0.00080884,0.000843506
24-04-2017,-4.67E-03,-0.004275788
25-04-2017,-0.0041567,-0.004188561
26-04-2017,-2.11E-03,-2.75E-03
27-04-2017,0.000450696,0.001495844
28-04-2017,0.001774801,0.001613208
02-05-2017,-0.000454872,-4.04E-05
03-05-2017,8.63E-05,0.000383064
04-05-2017,-0.002230573,-0.003348847
05-05-2017,0.003475269,0.003872149
08-05-2017,-0.001342625,-0.000978499
09-05-2017,-0.000130538,-0.000103024
10-05-2017,-0.00419589,-0.004545232
11-05-2017,-0.000696543,-4.03E-05
12-05-2017,0.000992104,0.000902949
15-05-2017,-0.002050921,-0.001923063
16-05-2017,-0.003062901,-0.003714842
17-05-2017,-0.000615924,-0.001080323
18-05-2017,0.004412817,0.003184418
19-05-2017,7.14E-05,-0.000429733
22-05-2017,-0.000476509,-0.001509177
23-05-2017,0.002403986,0.002932358
24-05-2017,0.001186123,0.000910727
25-05-2017,-0.006867733,-0.00637941
26-05-2017,-0.003880405,-0.003911178
29-05-2017,-0.000443342,-0.001133238
30-05-2017,-0.000887585,-0.000699127
31-05-2017,0.000148933,0.000189596
01-06-2017,0.000232529,0.000114495
02-06-2017,-0.00168583,-0.001888576
05-06-2017,-0.000970662,-0.000502421
06-06-2017,0.001706844,1.65E-03
07-06-2017,-0.001203809,-0.001122486
08-06-2017,0.000748894,0.000805137
09-06-2017,-0.000944339,-0.000677071
12-06-2017,0.002335352,0.002317255
13-06-2017,0.00042925,-0.000108785
14-06-2017,-0.000508276,-0.000731318
15-06-2017,0.001814446,0.001119101
16-06-2017,-0.00045319,0.000270228
19-06-2017,-0.003136675,-3.55E-03
20-06-2017,0.000182164,0.00019478
21-06-2017,0.000896191,0.000192785
22-06-2017,0.000162323,-9.86E-05
23-06-2017,2.49E-03,0.002122191
27-06-2017,0.002892069,0.00251724
28-06-2017,0.000921033,0.001742028
29-06-2017,-0.000587584,-3.27E-04
30-06-2017,-0.000767006,-0.000901079
03-07-2017,-0.004271285,-0.004193335
04-07-2017,7.68E-05,0.000164587
05-07-2017,-0.001096402,-0.000497466
06-07-2017,-0.001661876,-0.001717069
07-07-2017,0.000392969,0.000120603
10-07-2017,-0.004703431,-0.004888701
11-07-2017,-0.000666195,-0.000430444
12-07-2017,-0.001331544,-0.000789019
13-07-2017,-0.003331962,-0.00316405
14-07-2017,0.000234955,0.000225493
17-07-2017,-0.001298347,-0.000732186
18-07-2017,0.003906743,0.004953886
19-07-2017,-0.003190062,-0.003333778
20-07-2017,0.001155314,0.000692997
21-07-2017,-0.001841336,-0.001691306
24-07-2017,-0.002234645,-0.002932211
25-07-2017,8.06E-05,0.000237105
26-07-2017,-0.002438203,-0.002072844
27-07-2017,4.33E-06,-1.13E-05
28-07-2017,0.000262289,0.000985758
31-07-2017,-0.002706297,-0.002747612
01-08-2017,-0.001615291,-0.000803734
02-08-2017,1.43E-03,0.001314262
03-08-2017,0.002932747,0.003205954
04-08-2017,-0.002281776,-0.001177568
07-08-2017,0.00038846,0.000695688
08-08-2017,0.003418285,0.003505836
09-08-2017,0.003079248,0.002944898
10-08-2017,0.003865646,0.00365533
11-08-2017,0.004867534,0.004398568
14-08-2017,-0.003711741,-0.003263533
16-08-2017,-0.004549983,-0.004422126
17-08-2017,-0.000300475,-0.000335732
18-08-2017,0.002936879,0.003714426
21-08-2017,0.003681996,0.00367769
22-08-2017,-0.000498373,-0.000458243
23-08-2017,-0.003849736,-0.003815966
24-08-2017,-0.000200516,-0.000385724
28-08-2017,-0.002449384,-0.002122016
29-08-2017,0.005145351,0.004985906
30-08-2017,-0.003899319,-0.003556096
31-08-2017,-0.001469413,-0.001151642
01-09-2017,-0.002467056,-0.002208109
04-09-2017,0.002688246,0.002594801
05-09-2017,-0.001720561,-0.001467439
06-09-2017,0.001573818,0.002019592
07-09-2017,-0.000599597,-1.06E-05
08-09-2017,-0.000214254,-0.000339756
11-09-2017,-0.00310354,-0.002659486
12-09-2017,-0.003759756,-0.003750207
13-09-2017,0.000592053,-0.000374595
14-09-2017,-0.000314427,-0.000748492
15-09-2017,5.17E-05,-0.000413059
18-09-2017,-0.002905536,-0.002029286
19-09-2017,0.000237464,0.000286599
20-09-2017,0.000273993,2.49E-05
21-09-2017,0.000825164,0.00040861
22-09-2017,0.006810889,0.006047157
25-09-2017,0.004019612,0.004043162
26-09-2017,4.84E-05,0.000369134
27-09-2017,0.006013737,0.006088983
28-09-2017,-0.001478473,-0.001706375
29-09-2017,-0.000872695,-1.72E-05
03-10-2017,-3.13E-03,-0.00295604
04-10-2017,-0.002433447,-0.002397082
05-10-2017,0.001149137,0.001093979
06-10-2017,-0.003978285,-0.003043747
09-10-2017,-0.000393658,-0.000445748
10-10-2017,-0.001224362,-0.001055852
11-10-2017,0.001396136,0.001231804
12-10-2017,-0.004827178,-0.004724924
13-10-2017,-0.003045497,-0.003366972
16-10-2017,-0.002699672,-0.002682547
17-10-2017,-0.000152791,0.000325907
18-10-2017,0.001002612,0.00033055
19-10-2017,0.002743497,0.00259865
23-10-2017,-0.001636237,-0.001562739
24-10-2017,-0.000973261,-0.001342221
25-10-2017,-3.71E-03,-0.005757527
26-10-2017,-0.002038999,-0.001373033
27-10-2017,0.000872084,-0.000132179
30-10-2017,-0.001704707,-0.001424561
31-10-2017,0.00118965,0.000692867
01-11-2017,-0.00439821,-0.005032962
02-11-2017,0.000695228,0.000349771
03-11-2017,-0.001194106,-0.001450775
06-11-2017,2.91E-05,-0.000587891
07-11-2017,0.004244447,0.004665565
08-11-2017,0.001976621,0.001982027
09-11-2017,-0.000244411,-0.000419726
10-11-2017,-0.000538903,-0.000830285
13-11-2017,0.004092143,0.003678702
14-11-2017,0.00163194,0.001207131
15-11-2017,0.002932432,0.002398523
16-11-2017,-0.004130921,-0.004567742
17-11-2017,-0.002917434,-0.0030846
20-11-2017,-0.00063934,-0.000222673
21-11-2017,-0.001185456,-0.001539305
22-11-2017,-0.00064716,-0.001077965
23-11-2017,-0.000270764,-0.000343169
24-11-2017,-0.001715112,-0.001177104
27-11-2017,-0.00041154,-0.000582464
28-11-2017,0.001225321,0.001365252
29-11-2017,0.000374978,0.000204545
30-11-2017,0.005685102,0.005899933
01-12-2017,0.004471394,0.004165244
04-12-2017,-0.000255221,-0.000486232
05-12-2017,0.000407567,0.000889855
06-12-2017,0.003194378,0.002726119
07-12-2017,-0.005268981,-0.004664976
08-12-2017,-0.004206445,-0.003950562
11-12-2017,-0.00238792,-0.002675721
12-12-2017,0.003468055,0.002967218
13-12-2017,0.002006424,0.002292662
14-12-2017,-0.00251294,-0.002537135
15-12-2017,-0.003424103,-0.002815939
18-12-2017,-0.002326359,-0.001796508
19-12-2017,-0.003101231,-0.003027523
20-12-2017,0.000789347,0.000762555
21-12-2017,0.000162201,0.000271379
22-12-2017,-0.002186695,-0.002361096
26-12-2017,-0.001590559,-0.000898745
27-12-2017,0.001683694,0.001263451
28-12-2017,0.000532288,0.000817573
29-12-2017,-0.002182991,-0.002670824
01-01-2018,0.003941897,0.003123728
02-01-2018,-0.000276664,6.29E-06
03-01-2018,-4.16E-05,0.000242568
04-01-2018,-0.002554193,-0.002259312
05-01-2018,-0.002228832,-0.002348722
08-01-2018,-0.00265509,-0.002522348
09-01-2018,-0.000547449,-0.001141353
10-01-2018,0.000196022,0.000127622
11-01-2018,-0.000775402,-0.00088728
12-01-2018,-0.00122354,-0.001117543
15-01-2018,-2.44E-03,-0.003141329
16-01-2018,0.001664912,0.000904092
17-01-2018,-0.003561037,-0.00386431
18-01-2018,-0.001143751,-0.002203764
19-01-2018,-0.003108446,-0.003084116
22-01-2018,-0.002840886,-0.003488889
23-01-2018,-0.0046286,-0.004129023
24-01-2018,-9.01E-05,-0.00026021
25-01-2018,0.000640985,0.001337549
29-01-2018,-0.002376883,-0.002795611
30-01-2018,0.00316225,0.002996961
31-01-2018,0.000863579,0.000828914
01-02-2018,0.000425536,0.000705297
02-02-2018,0.01022292,0.010279492
05-02-2018,0.003812514,0.003851234
06-02-2018,6.91E-03,0.007069737
07-02-2018,0.000892403,0.001440427
08-02-2018,-0.004131837,-0.004190434
09-02-2018,0.005034385,0.005172068
12-02-2018,-0.003508349,-0.003747586
14-02-2018,0.001603787,0.001833702
15-02-2018,-0.001840653,-0.001795716
16-02-2018,0.00385531,0.003645748
19-02-2018,0.003081461,0.003025351
20-02-2018,0.000753882,0.000914823
21-02-2018,-0.001550317,-0.001816559
22-02-2018,0.000616535,0.000325539
23-02-2018,-0.004508651,-0.004123683
26-02-2018,-0.003773424,-0.003844779
27-02-2018,0.001162946,0.001254548
28-02-2018,0.00253597,0.002057709
01-03-2018,0.001430293,0.001745303
05-03-2018,0.004151628,0.003845745
06-03-2018,0.004619458,0.005563844
07-03-2018,4.05E-03,0.003719295
08-03-2018,-0.00376662,-0.004167082
09-03-2018,0.000670447,0.00057894
12-03-2018,-0.008184179,-0.007892125
13-03-2018,-0.00022706,0.000783816
14-03-2018,0.000664851,0.000269972
15-03-2018,0.002122232,0.001932165
16-03-2018,0.006972424,0.006619491
19-03-2018,0.004319563,0.003323037
20-03-2018,-0.001293094,-0.000970313
21-03-2018,-0.001323469,-0.001831143
22-03-2018,0.001735466,0.001705993
23-03-2018,0.005039849,0.005424944
26-03-2018,-0.005722007,-0.006215543
27-03-2018,-0.002287476,-0.0014159
28-03-2018,0.00301472,0.002701387
02-04-2018,-0.004192233,-0.003760094
03-04-2018,-0.001409662,-0.001502752
04-04-2018,0.004971118,0.004599569
05-04-2018,-0.008355525,-0.007533077
06-04-2018,-0.000271214,-0.000389822
09-04-2018,-0.002002573,-0.00208169
10-04-2018,-0.00095713,-0.00117718
11-04-2018,-6.22E-04,-0.000770862
12-04-2018,-0.001726712,-0.002051302
13-04-2018,-0.000910517,-1.16E-03
16-04-2018,-0.001974168,-0.001430107
17-04-2018,-0.000838627,-0.001133204
18-04-2018,0.000927324,0.000801016
19-04-2018,-0.001610216,-0.001207782
20-04-2018,5.14E-05,0.000147745
23-04-2018,-0.000848105,-0.00044384
24-04-2018,-0.001214851,-0.002085978
25-04-2018,0.001795819,0.00144983
26-04-2018,-0.001936956,-0.002664573
27-04-2018,-0.003036595,-0.003192252
30-04-2018,-0.001906861,-0.002361407
02-05-2018,0.000862218,-0.000198325
03-05-2018,0.001558759,0.000905672
04-05-2018,0.002504074,0.002329193
07-05-2018,-0.003959494,-0.003626309
08-05-2018,-9.32E-05,-0.000100889
09-05-2018,-9.67E-04,-0.001268731
10-05-2018,0.001018024,0.000899539
11-05-2018,-0.003630063,-0.003552811
14-05-2018,-4.02E-06,-0.000255595
15-05-2018,0.000190934,0.000156003
16-05-2018,0.002449382,0.001911021
17-05-2018,0.002367728,0.002940089
18-05-2018,0.003522688,0.00373286
21-05-2018,0.003278859,0.002903084
22-05-2018,-0.00082513,-4.40E-04
23-05-2018,0.004405733,0.003856398
24-05-2018,-0.003462895,-0.004005143
25-05-2018,-0.003755039,-0.003267273
28-05-2018,-0.003406041,-0.002981752
29-05-2018,0.002254789,0.002678814
30-05-2018,0.000774663,0.000536283
31-05-2018,-0.004955167,-0.005148505
01-06-2018,0.001619056,0.001171094
04-06-2018,0.002757538,0.002663309
05-06-2018,0.001446855,0.001350185
06-06-2018,-0.003735178,-0.003416638
07-06-2018,-0.003388862,-0.003494443
08-06-2018,2.82E-05,0.000237767
11-06-2018,-0.000777735,-0.000487399
12-06-2018,-0.002244784,-0.002551128
13-06-2018,-0.000554387,-0.000567129
14-06-2018,0.001950492,0.001696539
15-06-2018,-0.000387588,-0.000272204
18-06-2018,0.00071721,0.000901658
19-06-2018,0.003610005,0.00320681
20-06-2018,-0.002490642,-0.003195448
21-06-2018,0.001249601,0.001406538
22-06-2018,-0.00325275,-0.003141233
25-06-2018,0.002390363,0.002676207
26-06-2018,-0.000270279,-0.000241015
27-06-2018,0.003960027,0.003352775
28-06-2018,0.003362349,0.002218868
29-06-2018,-0.005104753,-0.004756378
02-07-2018,0.002316611,0.001954602
03-07-2018,-0.001732528,-0.001404021
04-07-2018,-0.002831952,-0.00326285
05-07-2018,0.000813307,0.000864077
06-07-2018,-0.000924186,-0.00101586
09-07-2018,-0.003223251,-0.00335899
10-07-2018,-0.003759235,-0.00366937
11-07-2018,-4.17E-05,-0.000315184
12-07-2018,-0.002960998,-0.003369669
13-07-2018,0.000169445,8.06E-05
16-07-2018,0.003245986,0.002596999
17-07-2018,-0.002818138,-0.002339376
18-07-2018,0.001090255,0.001745917
19-07-2018,0.000924513,0.000265266
20-07-2018,-0.002099583,-0.00173056
23-07-2018,-0.002930695,-0.002636443
24-07-2018,-0.001937016,-0.001257821
25-07-2018,8.97E-05,-0.000390541
26-07-2018,-0.001374986,-0.00148692
27-07-2018,-0.004297385,-0.004116279
30-07-2018,-0.001583594,-0.001828733
31-07-2018,-0.001415343,-0.001297432
01-08-2018,0.000394071,0.000982259
02-08-2018,0.003902561,0.004145574
03-08-2018,-0.004461041,-0.004545174
06-08-2018,-0.00100422,-0.001566734
07-08-2018,-8.96E-05,3.01E-04
08-08-2018,-0.002302734,-0.002549441
09-08-2018,-0.000784435,-0.00156539
10-08-2018,0.00156269,0.001775553
13-08-2018,0.002811409,0.002580327
14-08-2018,-0.003024144,-0.002382684
16-08-2018,0.001905025,0.002167464
17-08-2018,-0.003256872,-0.003266151
20-08-2018,-0.003055967,-0.003770229
21-08-2018,-0.000719359,-7.94E-05
23-08-2018,-0.000444542,-0.000578247
24-08-2018,0.000962812,0.00096353
27-08-2018,-0.005038078,-0.004992986
28-08-2018,-0.001725655,-0.002267114
29-08-2018,0.001727512,0.001943765
30-08-2018,0.000561251,0.000368359
31-08-2018,-0.000137592,0.000505754
03-09-2018,0.003664749,0.00375338
04-09-2018,0.002332896,0.001756025
05-09-2018,0.001637299,0.001591886
06-09-2018,-0.002262639,-0.002556988
07-09-2018,-0.001960582,-0.00166628
10-09-2018,0.005695821,0.005322895
11-09-2018,0.005756126,0.005869138
12-09-2018,-0.003158882,-0.003524153
14-09-2018,-0.00551484,-0.004270074
17-09-2018,0.005215098,0.005797822
18-09-2018,0.003789641,0.003420261
19-09-2018,0.001718796,0.001977945
21-09-2018,0.003541922,0.003283758
24-09-2018,0.006902345,0.006371803
25-09-2018,-0.003943885,-0.004131708
26-09-2018,0.000535966,0.001302867
27-09-2018,0.003006179,0.002599823
28-09-2018,0.001867382,0.00116165
01-10-2018,-0.003082215,-0.00356973
03-10-2018,0.00596042,0.006595371
04-10-2018,0.010484701,0.009846412
05-10-2018,0.011744858,0.009894148
08-10-2018,-0.001328241,-0.001228617
09-10-2018,0.001977023,0.002209055
10-10-2018,-0.006654341,-0.005803478
11-10-2018,0.009462841,0.009597281
12-10-2018,-0.009977374,-9.26E-03
15-10-2018,-0.00165564,-0.001641367
16-10-2018,-2.97E-03,-0.003688583
17-10-2018,0.005437577,0.004755165
19-10-2018,0.006256145,0.005832357
22-10-2018,0.002464323,0.002299958
23-10-2018,0.00419346,0.003668886
24-10-2018,-0.003323598,-0.002389352
25-10-2018,0.004261956,0.004410313
26-10-2018,0.00408981,0.004415318
29-10-2018,-9.46E-03,-9.25E-03
30-10-2018,0.002227837,0.00225294
31-10-2018,-0.007941365,-0.007002944
01-11-2018,0.000257226,0.000127122
02-11-2018,-0.007159757,-0.007250707
05-11-2018,0.001195099,0.000753966
06-11-2018,-0.000247532,-5.09E-04
07-11-2018,-0.002811935,-0.003039659
09-11-2018,0.000541238,0.000976352
12-11-2018,0.004246626,0.00428963
13-11-2018,-0.004135835,-0.00411592
14-11-2018,0.000254516,3.09E-05
15-11-2018,-0.001655784,-0.001462608
16-11-2018,-0.002671159,-0.002414988
19-11-2018,-0.003288775,-0.003874239
20-11-2018,0.004347117,0.00366178
21-11-2018,0.002294449,0.003376209
22-11-2018,3.01E-03,0.002707727
26-11-2018,-0.004181754,-0.004607072
27-11-2018,-0.00232285,-0.001949533
28-11-2018,-0.00175426,-0.002485292
29-11-2018,-0.005224661,-0.005479066
30-11-2018,-0.000721312,-0.00028675
03-12-2018,-0.000279411,-0.000559991
04-12-2018,0.000568991,0.001280407
05-12-2018,0.003473989,0.003013956
06-12-2018,0.007382598,0.006981895
07-12-2018,-0.003775017,-0.004418763
10-12-2018,0.008416684,0.008774732
11-12-2018,-0.002506155,-0.002357507
12-12-2018,-7.69E-03,-7.70E-03
13-12-2018,-0.002176606,-0.001823818
14-12-2018,-0.000559031,-0.000402202
17-12-2018,-0.003319215,-0.003693326
18-12-2018,-0.000810926,-0.000921133
19-12-2018,-0.002326725,-0.001636848
20-12-2018,0.000618185,0.000627296
21-12-2018,0.007911507,0.008299378
24-12-2018,0.003670259,0.003316676
26-12-2018,-0.002693877,-0.002195778
27-12-2018,-0.002017053,-0.001912529
28-12-2018,-0.003215123,-0.003255713
31-12-2018,-0.000105962,0.000101011
01-01-2019,-0.001896943,-0.002236724
02-01-2019,0.004706674,0.004370907
03-01-2019,0.004866067,0.004595807
04-01-2019,-0.00223646,-0.002212559
07-01-2019,-0.001795831,-0.001882495
08-01-2019,-0.001221922,-0.001581286
09-01-2019,-0.002125625,-0.002791041
10-01-2019,0.001344352,0.001278033
11-01-2019,0.001070842,0.0011642
14-01-2019,0.002313414,0.001888907
15-01-2019,-0.005993023,-0.005593586
16-01-2019,-0.000139599,-3.54E-05
17-01-2019,-0.000593791,-0.000630753
18-01-2019,-6.97E-05,-0.000149578
21-01-2019,-0.002180533,-0.002289758
22-01-2019,0.001551861,0.001597689
23-01-2019,0.00364339,0.004024578
24-01-2019,-0.000733129,-0.001040694
25-01-2019,0.002780815,0.002039282
28-01-2019,0.00482057,0.004469352
29-01-2019,0.000381036,0.000782653
30-01-2019,1.63E-05,1.53E-05
31-01-2019,-0.007243548,-0.008044912
01-02-2019,-0.002506867,-0.002540822
04-02-2019,-0.000740889,-0.001347255
05-02-2019,-0.000878664,-0.000404276
06-02-2019,-0.00505835,-0.004230378
07-02-2019,-0.00027276,4.86E-05
08-02-2019,0.00496387,0.005016701
11-02-2019,0.00218019,0.001803472
12-02-2019,0.002295426,0.002890293
13-02-2019,0.001516263,0.001437989
14-02-2019,0.001919474,0.001907121
15-02-2019,0.000875853,0.000815092
18-02-2019,0.003392601,0.003782319
19-02-2019,0.001496349,0.001787786
20-02-2019,-0.0053362,-0.004930604
21-02-2019,-0.002195154,-0.001722401
22-02-2019,-7.24E-05,0.000325192
25-02-2019,-0.003545035,-0.004119767
26-02-2019,0.001791947,0.002883833
27-02-2019,0.001149854,0.000825097
28-02-2019,0.000569029,0.000459752
01-03-2019,-0.002847711,-0.002371226
05-03-2019,-0.004927143,-0.004537033
06-03-2019,-0.002583258,-0.002300597
07-03-2019,-0.00020427,-0.001057535
08-03-2019,0.000896361,0.000638926
11-03-2019,-0.00518927,-0.004508424
12-03-2019,-0.005147211,-0.005607787
13-03-2019,-1.55E-03,-0.002497863
14-03-2019,-5.93E-05,-3.13E-05
15-03-2019,-0.003189023,-0.003088247
18-03-2019,-0.001341456,-0.00080732
19-03-2019,-0.002651715,-0.003049107
20-03-2019,0.000427636,-0.000263462
22-03-2019,0.002424939,0.002520516
25-03-2019,0.00390867,0.004066672
26-03-2019,-0.004906368,-0.004848877
27-03-2019,0.001447126,0.001143427
28-03-2019,-0.004715665,-0.004676556
29-03-2019,-0.002018506,-0.00143069
01-04-2019,-0.001687357,-0.002228581
02-04-2019,-0.001636336,-0.002059556
03-04-2019,0.002575227,0.002000905
04-04-2019,0.001717227,0.002154627
05-04-2019,-0.002537006,-0.00198826
08-04-2019,0.002293678,0.001810805
09-04-2019,-0.002516986,-0.002670335
10-04-2019,0.003273622,0.003964804
11-04-2019,-0.000464626,-0.000243724
12-04-2019,-0.00174726,-0.001797258
15-04-2019,-0.001745831,-0.00155137
16-04-2019,-0.003581296,-0.004108474
18-04-2019,0.001267465,0.001499342
22-04-2019,0.005891194,0.005528594
23-04-2019,0.00069351,0.00090335
24-04-2019,-0.005598803,-0.005481099
25-04-2019,0.003135311,0.003615943
26-04-2019,-0.004189568,-0.003756591
30-04-2019,0.000240219,0.000397933
02-05-2019,0.000865892,0.000558031
03-05-2019,0.000463257,0.00020248
06-05-2019,0.004247868,0.004064156
07-05-2019,0.003773939,0.003657436
08-05-2019,0.005261223,0.005566801
09-05-2019,0.002209687,0.002653913
10-05-2019,0.000880871,0.001110544
13-05-2019,0.005061995,0.004336002
14-05-2019,-0.002867448,-0.002658094
15-05-2019,0.002524766,0.002376468
16-05-2019,-0.003879091,-0.003247824
17-05-2019,-0.005750628,-0.006195775
20-05-2019,-0.015743343,-0.015982545
21-05-2019,0.00439698,0.004246027
22-05-2019,-0.00106689,-0.001561971
23-05-2019,0.003001746,0.003330951
24-05-2019,-0.006913406,-0.006919565
27-05-2019,-0.002947217,-0.002728909
28-05-2019,-0.000145654,-0.000726512
29-05-2019,0.002469969,0.002714549
30-05-2019,-0.003093907,-0.003612152
31-05-2019,0.000840616,0.001285968
03-06-2019,-0.005995952,-0.006010143
04-06-2019,0.002410131,0.001989892
06-06-2019,0.006474848,0.006042331
07-06-2019,-0.000985269,-0.000945789
10-06-2019,-0.001900116,-0.001844596
11-06-2019,-0.001559864,-0.001807662
12-06-2019,0.002161307,0.002110254
13-06-2019,-0.000286245,0.000168805
14-06-2019,0.003320709,0.00317293
17-06-2019,0.005587849,0.005442041
18-06-2019,-0.000719374,-0.000952577
19-06-2019,1.86E-06,-0.000737909
20-06-2019,-0.005180608,-5.39E-03
21-06-2019,0.003969471,0.004488044
24-06-2019,0.000906644,0.000793312
25-06-2019,-0.003578461,-0.003449479
26-06-2019,-0.001877219,-0.001727134
27-06-2019,0.000219997,6.22E-05
28-06-2019,0.001937111,0.002108982
01-07-2019,-0.002818262,-0.003205664
02-07-2019,-0.001632997,-0.001420064
03-07-2019,-0.000235128,-0.000248291
04-07-2019,-0.001091947,-0.000749463
05-07-2019,0.004957591,0.004316325
08-07-2019,0.00938695,0.008802549
09-07-2019,0.00010146,-0.00011495
10-07-2019,0.002147478,0.001953006
11-07-2019,-0.00316101,-0.002986636
12-07-2019,0.00114133,0.000972972
15-07-2019,-0.001345626,-0.001795518
16-07-2019,-0.002773777,-0.002608522
17-07-2019,-0.000926243,-0.000937917
18-07-2019,3.38E-03,0.003538064
19-07-2019,0.006704331,0.006303005
22-07-2019,0.002787146,0.003479009
23-07-2019,0.000580279,0.000552939
24-07-2019,0.002296147,0.001547372
25-07-2019,0.000738496,0.000191327
26-07-2019,-0.001239111,-0.000594365
29-07-2019,0.003675587,0.002257649
30-07-2019,0.004047668,0.003344756
31-07-2019,-0.001275301,-0.000973008
01-08-2019,0.00542433,0.005395855
02-08-2019,-0.000685707,-0.001170436
05-08-2019,0.00535426,0.004922971
06-08-2019,-0.003410918,-0.003265741
07-08-2019,0.003694874,0.003376281
08-08-2019,-0.007022136,-0.007473645
09-08-2019,-0.003028409,-0.002951573
13-08-2019,0.007245143,0.007268507
14-08-2019,-0.004096654,-0.004132717
16-08-2019,-0.000723916,-0.000451385
19-08-2019,-0.000239728,-0.000606072
20-08-2019,0.001452182,0.000865678
21-08-2019,0.003892416,0.003125087
22-08-2019,0.007112066,0.006939098
23-08-2019,-0.003543522,-0.002709138
26-08-2019,-0.009068304,-9.28E-03
27-08-2019,-0.001861556,-0.001701103
28-08-2019,0.00232328,0.002191109
29-08-2019,0.003862281,0.004463109
30-08-2019,-0.002962968,-0.003080397
03-09-2019,0.008970356,0.009049694
04-09-2019,-0.001876239,-0.001917976
05-09-2019,-0.000130133,0.000950878
06-09-2019,-0.003917706,-0.003979841
09-09-2019,-0.002249708,-0.001917931
11-09-2019,-0.001286799,-0.001463324
12-09-2019,0.002086811,0.001944939
13-09-2019,-0.003665951,-0.00327326
16-09-2019,0.002848178,0.003050577
17-09-2019,0.007399929,7.58E-03
18-09-2019,-0.000924404,-0.000984469
19-09-2019,0.005476765,0.005623638
20-09-2019,-0.022507177,-0.022522017
23-09-2019,-0.012379742,-0.01211535
24-09-2019,0.000449495,-7.90E-05
25-09-2019,0.005582365,0.005630598
26-09-2019,-0.004944783,-0.004435948
27-09-2019,0.002212529,0.001866057
30-09-2019,0.001433993,0.001740097
01-10-2019,0.00435737,0.00408407
03-10-2019,0.001758334,0.002256837
04-10-2019,0.005378358,0.004969499
07-10-2019,0.001883147,0.001632303
09-10-2019,-0.007234635,-0.007411129
10-10-2019,0.003033622,0.003398049
11-10-2019,-0.002716806,-0.002818989
14-10-2019,-0.001384607,-0.000994295
15-10-2019,-0.003324538,-0.003301581
16-10-2019,-0.001354545,-0.001046519
17-10-2019,-0.004610466,-0.005068007
18-10-2019,-0.002820808,-0.0027307
22-10-2019,0.002745847,0.003712896
23-10-2019,-0.000589859,-0.001057479
24-10-2019,0.000805404,0.000427624
25-10-2019,-4.87E-05,-0.000419062
27-10-2019,-0.001618476,-0.002131206
29-10-2019,-0.005924481,-0.006388495
30-10-2019,-0.002104309,-0.002392429
31-10-2019,-0.001221145,-0.000836081
01-11-2019,-0.000480559,-0.000389217
04-11-2019,-0.00184784,-0.001478072
05-11-2019,0.000877381,0.000579382
06-11-2019,-0.001776585,-0.002384057
07-11-2019,-0.001666318,-0.001969662
08-11-2019,0.003772835,0.0035411
11-11-2019,-0.00019325,-0.000231175
13-11-2019,0.002669338,0.002472309
14-11-2019,-0.001159338,-0.001841051
15-11-2019,-0.00085333,-0.000756216
18-11-2019,0.000399961,0.000780903
19-11-2019,-0.002027049,-0.001995349
20-11-2019,-0.002140709,-0.001948086
21-11-2019,0.001112577,0.000817723
22-11-2019,0.001963919,0.002315539
25-11-2019,-0.005770003,-0.005664123
26-11-2019,0.001298663,0.000722101
27-11-2019,-0.002266978,-0.002115283
28-11-2019,-0.001806888,-0.00115839
29-11-2019,0.003412342,0.003566236
02-12-2019,0.000282872,-8.90E-05
03-12-2019,0.001950882,0.001350895
04-12-2019,-0.001770612,-0.001862778
05-12-2019,0.000895244,0.000752289
06-12-2019,0.003515751,0.003576405
09-12-2019,-0.000582481,-0.00045376
10-12-2019,0.00294589,0.002663533
11-12-2019,-0.001949737,-0.001859793
12-12-2019,-0.002242222,-0.001813873
13-12-2019,-0.00414829,-0.004556355
16-12-2019,0.001178357,0.000752438
17-12-2019,-0.003982728,-0.004364045
18-12-2019,-0.002017729,-0.002162291
19-12-2019,-0.001350001,-0.001203758
20-12-2019,-0.000428426,-7.94E-05
23-12-2019,0.000320394,0.000405293
24-12-2019,0.001710403,0.001895967
26-12-2019,0.00314021,0.003127459
27-12-2019,-0.0042499,-0.004318683
30-12-2019,-0.000356275,0.000179082
31-12-2019,0.003108175,0.003191312
